Invoice ID,Branch,Customer type,Gender,Product Catogry,Unit price,Quantity,Tax 5%,Total,Date,Time,Payment
784-21-9238,Aljahra,Member,Male,Sports and travel,10.17,1,0.5085,10.6785,31-Mar-22,14:15,Cash
308-39-1707,Hawally,Normal,Female,Health and beauty,12.09,1,0.6045,12.6945,30-Mar-22,18:19,Credit card
279-62-1445,Aljahra,Member,Female,Health and beauty,12.54,1,0.627,13.167,01-Mar-22,12:38,Cash
192-98-7397,Aljahra,Normal,Male,Health and beauty,12.78,1,0.639,13.419,26-Mar-22,14:11,Knet
236-86-3015,Aljahra,Member,Male,Home and lifestyle,13.98,1,0.699,14.679,01-Mar-22,13:38,Knet
490-29-1201,Hawally,Normal,Female,Sports and travel,15.34,1,0.767,16.107,31-Mar-22,11:09,Cash
778-71-5554,Aljahra,Member,Male,Health and beauty,15.43,1,0.7715,16.2015,30-Mar-22,15:46,Credit card
593-08-5916,Hawally,Normal,Female,Health and beauty,15.5,1,0.775,16.275,22-Mar-22,15:23,Knet
470-31-3286,Farwaniya,Normal,Male,Health and beauty,14.82,1,2.223,17.043,17-Mar-22,11:30,Credit card
559-61-5987,Farwaniya,Normal,Female,Health and beauty,17.75,1,0.8875,18.6375,26-Mar-22,18:01,Cash
802-43-8934,Hawally,Normal,Male,Home and lifestyle,18.28,1,0.914,19.194,24-Mar-22,15:05,Credit card
382-03-4532,Hawally,Member,Female,Health and beauty,18.33,1,0.9165,19.2465,30-Mar-22,18:50,Cash
390-80-5128,Farwaniya,Member,Female,Health and beauty,19.15,1,0.9575,20.1075,28-Mar-22,17:58,Credit card
549-96-4200,Aljahra,Member,Male,Food and beverages,17.04,1,3.408,20.448,29-Mar-22,20:15,Knet
756-49-0168,Hawally,Member,Male,Health and beauty,19.7,1,0.985,20.685,27-Mar-22,11:39,Knet
746-19-0921,Aljahra,Normal,Male,Food and beverages,21.58,1,1.079,22.659,04-Mar-22,10:02,Knet
842-29-4695,Aljahra,Member,Male,Sports and travel,17.14,1,5.999,23.139,04-Mar-22,12:07,Credit card
862-29-5914,Aljahra,Normal,Female,Sports and travel,22.38,1,1.119,23.499,17-Mar-22,09:04,Credit card
320-32-8842,Aljahra,Member,Female,Food and beverages,22.62,1,1.131,23.751,31-Mar-22,18:58,Cash
556-72-8512,Aljahra,Normal,Male,Home and lifestyle,22.96,1,1.148,24.108,23-Mar-22,20:47,Knet
633-91-1052,Hawally,Normal,Female,Home and lifestyle,12.03,2,1.203,25.263,30-Mar-22,15:51,Cash
568-88-3448,Hawally,Normal,Male,Health and beauty,25,1,1.25,26.25,30-Mar-22,15:09,Knet
856-22-8149,Hawally,Normal,Female,Home and lifestyle,25.29,1,1.2645,26.5545,01-Mar-22,10:13,Knet
156-20-0370,Farwaniya,Normal,Female,Electronic accessories,25.45,1,1.2725,26.7225,17-Mar-22,18:10,Credit card
838-02-1821,Aljahra,Member,Female,Home and lifestyle,12.73,2,1.273,26.733,31-Mar-22,12:10,Credit card
840-76-5966,Hawally,Member,Male,Sports and travel,12.76,2,1.276,26.796,26-Mar-22,18:06,Knet
585-03-5943,Farwaniya,Normal,Male,Health and beauty,18.11,1,9.055,27.165,31-Mar-22,11:46,Knet
296-11-7041,Farwaniya,Member,Female,Health and beauty,27.07,1,1.3535,28.4235,31-Mar-22,20:07,Credit card
421-95-9805,Hawally,Normal,Female,Electronic accessories,28.96,1,1.448,30.408,28-Mar-22,10:18,Credit card
320-49-6392,Aljahra,Normal,Female,Electronic accessories,30.24,1,1.512,31.752,02-Mar-22,15:44,Cash
488-25-4221,Aljahra,Member,Female,Food and beverages,30.41,1,1.5205,31.9305,17-Mar-22,10:36,Credit card
318-12-0304,Hawally,Normal,Male,Health and beauty,30.61,1,1.5305,32.1405,30-Mar-22,13:30,Knet
307-04-2070,Hawally,Member,Female,Health and beauty,30.62,1,1.531,32.151,26-Mar-22,14:14,Knet
617-15-4209,Aljahra,Member,Male,Health and beauty,15.37,2,1.537,32.277,30-Mar-22,19:47,Cash
859-71-0933,Aljahra,Member,Female,Sports and travel,15.49,2,1.549,32.529,31-Mar-22,15:10,Credit card
545-46-3100,Farwaniya,Member,Female,Electronic accessories,10.59,3,1.5885,33.3585,31-Mar-22,13:52,Credit card
727-02-1313,Hawally,Member,Female,Food and beverages,31.84,1,1.592,33.432,16-Mar-22,16:00,Knet
573-98-8548,Aljahra,Member,Female,Health and beauty,31.9,1,1.595,33.495,24-Mar-22,12:40,Knet
242-55-6721,Farwaniya,Normal,Male,Home and lifestyle,16.16,2,1.616,33.936,31-Mar-22,11:49,Knet
479-26-8945,Farwaniya,Member,Female,Sports and travel,16.49,2,1.649,34.629,31-Mar-22,11:32,Knet
649-29-6775,Farwaniya,Normal,Male,Health and beauty,33.52,1,1.676,35.196,27-Mar-22,15:31,Cash
574-31-8277,Farwaniya,Member,Male,Health and beauty,33.63,1,1.6815,35.3115,30-Mar-22,19:55,Credit card
715-20-1673,Farwaniya,Normal,Female,Electronic accessories,28.38,1,7.095,35.475,27-Mar-22,20:57,Cash
320-85-2052,Farwaniya,Normal,Female,Sports and travel,34.81,1,1.7405,36.5505,01-Mar-22,10:11,Knet
482-17-1179,Hawally,Member,Male,Electronic accessories,11.94,3,1.791,37.611,31-Mar-22,12:47,Credit card
729-46-7422,Aljahra,Normal,Male,Food and beverages,35.89,1,1.7945,37.6845,30-Mar-22,16:52,Credit card
523-38-0215,Aljahra,Normal,Male,Home and lifestyle,37,1,1.85,38.85,30-Mar-22,13:29,Credit card
390-17-5806,Aljahra,Member,Female,Food and beverages,38.42,1,1.921,40.341,18-Mar-22,16:33,Cash
604-70-6476,Hawally,Member,Male,Health and beauty,17.94,2,4.485,40.365,25-Mar-22,14:04,Knet
575-67-1508,Hawally,Normal,Male,Electronic accessories,38.6,1,1.93,40.53,30-Mar-22,11:26,Credit card
573-10-3877,Farwaniya,Member,Male,Health and beauty,39.01,1,1.9505,40.9605,01-Mar-22,16:46,Credit card
449-27-2918,Farwaniya,Member,Female,Sports and travel,39.12,1,1.956,41.076,01-Mar-22,11:02,Credit card
622-20-1945,Aljahra,Normal,Female,Health and beauty,39.42,1,1.971,41.391,05-Mar-22,15:08,Cash
528-87-5606,Farwaniya,Member,Female,Electronic accessories,39.48,1,1.974,41.454,31-Mar-22,19:43,Cash
608-05-3804,Farwaniya,Member,Male,Electronic accessories,39.75,1,1.9875,41.7375,30-Mar-22,20:19,Cash
233-67-5758,Aljahra,Normal,Female,Health and beauty,40.35,1,2.0175,42.3675,30-Mar-22,14:00,Cash
324-92-3863,Hawally,Member,Male,Electronic accessories,20.89,2,2.089,43.869,21-Mar-22,18:45,Knet
687-15-1097,Aljahra,Member,Female,Health and beauty,21.12,2,2.112,44.352,28-Mar-22,19:17,Cash
504-35-8843,Hawally,Normal,Male,Sports and travel,42.47,1,2.1235,44.5935,24-Mar-22,16:57,Cash
722-13-2115,Aljahra,Member,Female,Sports and travel,42.85,1,2.1425,44.9925,28-Mar-22,15:36,Credit card
105-10-6182,Hawally,Member,Male,Health and beauty,21.48,2,2.148,45.108,31-Mar-22,12:22,Knet
132-23-6451,Hawally,Member,Male,Health and beauty,20.97,2,5.2425,47.1825,30-Mar-22,13:21,Cash
574-57-9721,Aljahra,Normal,Male,Food and beverages,43.27,1,4.327,47.597,22-Mar-22,16:53,Knet
560-49-6611,Hawally,Member,Female,Sports and travel,45.58,1,2.279,47.859,31-Mar-22,14:13,Cash
311-13-6971,Farwaniya,Member,Male,Sports and travel,31.99,1,15.995,47.985,01-Mar-22,15:18,Credit card
318-81-2368,Aljahra,Normal,Female,Electronic accessories,46.2,1,2.31,48.51,01-Mar-22,12:16,Credit card
651-96-5970,Hawally,Normal,Male,Health and beauty,46.41,1,2.3205,48.7305,23-Mar-22,05:22,Credit card
442-48-3607,Hawally,Member,Male,Food and beverages,23.48,2,2.348,49.308,17-Mar-22,14:00,Credit card
169-52-4504,Hawally,Normal,Female,Electronic accessories,15.69,3,2.3535,49.4235,22-Mar-22,14:13,Credit card
489-64-4354,Aljahra,Normal,Male,Health and beauty,16.28,3,0.814,49.654,07-Mar-22,15:36,Cash
605-03-2706,Hawally,Normal,Female,Health and beauty,15.8,3,2.37,49.77,28-Mar-22,18:02,Cash
448-34-8700,Farwaniya,Member,Male,Home and lifestyle,36.91,1,12.9185,49.8285,27-Mar-22,13:51,Knet
735-06-4124,Aljahra,Normal,Male,Food and beverages,48.61,1,2.4305,51.0405,30-Mar-22,15:31,Cash
163-56-7055,Aljahra,Member,Male,Health and beauty,48.71,1,2.4355,51.1455,30-Mar-22,19:20,Cash
825-94-5922,Farwaniya,Normal,Female,Sports and travel,25.31,2,2.531,53.151,01-Mar-22,19:26,Knet
516-77-6464,Aljahra,Member,Female,Health and beauty,10.16,5,2.54,53.34,28-Mar-22,13:08,Knet
695-28-6250,Hawally,Normal,Female,Sports and travel,43.06,1,10.765,53.825,26-Mar-22,16:38,Knet
659-65-8956,Farwaniya,Member,Male,Health and beauty,51.36,1,2.568,53.928,01-Mar-22,15:26,Knet
413-20-6708,Aljahra,Member,Female,Health and beauty,51.47,1,2.5735,54.0435,01-Mar-22,15:52,Knet
286-01-5402,Hawally,Normal,Female,Sports and travel,40.23,1,14.0805,54.3105,31-Mar-22,13:22,Cash
885-56-0389,Aljahra,Member,Male,Health and beauty,52.35,1,2.6175,54.9675,01-Mar-22,17:49,Cash
471-06-8611,Aljahra,Normal,Female,Food and beverages,52.42,1,2.621,55.041,28-Mar-22,10:22,Knet
664-14-2882,Aljahra,Member,Female,Home and lifestyle,10.53,5,2.6325,55.2825,25-Mar-22,14:43,Credit card
696-90-2548,Hawally,Normal,Male,Sports and travel,25.84,2,3.876,55.556,31-Mar-22,18:55,Knet
462-78-5240,Aljahra,Normal,Female,Electronic accessories,26.61,2,2.661,55.881,29-Mar-22,14:35,Cash
587-73-4862,Hawally,Member,Female,Health and beauty,10.69,5,2.6725,56.1225,29-Mar-22,11:07,Knet
238-45-6950,Farwaniya,Member,Male,Food and beverages,53.72,1,2.686,56.406,29-Mar-22,20:03,Knet
676-10-2200,Aljahra,Member,Male,Health and beauty,53.78,1,2.689,56.469,28-Mar-22,20:13,Knet
895-66-0685,Farwaniya,Member,Male,Food and beverages,18.08,3,2.712,56.952,03-Mar-22,19:46,Knet
605-83-1050,Farwaniya,Normal,Male,Health and beauty,27.18,2,2.718,57.078,28-Mar-22,10:22,Knet
154-74-7179,Farwaniya,Normal,Male,Sports and travel,54.45,1,2.7225,57.1725,21-Mar-22,19:24,Knet
790-38-4466,Aljahra,Normal,Female,Health and beauty,10.99,5,2.7475,57.6975,30-Mar-22,02:22,Credit card
226-34-0034,Farwaniya,Normal,Female,Electronic accessories,13.78,4,2.756,57.876,31-Mar-22,11:10,Knet
491-38-3499,Hawally,Member,Male,Health and beauty,55.45,1,2.7725,58.2225,18-Mar-22,17:46,Credit card
518-17-2983,Hawally,Normal,Female,Health and beauty,48.63,1,9.726,58.356,20-Mar-22,15:44,Knet
745-71-3520,Hawally,Member,Female,Electronic accessories,25.22,2,8.827,59.267,02-Mar-22,10:23,Cash
584-66-4073,Aljahra,Normal,Male,Health and beauty,56.5,1,2.825,59.325,30-Mar-22,15:45,Knet
278-86-2735,Hawally,Normal,Female,Food and beverages,52.34,1,7.851,60.191,25-Mar-22,14:03,Cash
865-92-6136,Hawally,Normal,Male,Food and beverages,52.75,1,7.9125,60.6625,31-Mar-22,10:16,Knet
351-62-0822,Aljahra,Member,Female,Health and beauty,14.48,4,2.896,60.816,11-Mar-22,19:15,Knet
460-93-5834,Hawally,Normal,Female,Sports and travel,45.58,1,15.953,61.533,02-Mar-22,04:00,Cash
389-25-3394,Aljahra,Normal,Male,Electronic accessories,11.81,5,2.9525,62.0025,31-Mar-22,18:06,Cash
273-84-2164,Aljahra,Member,Male,Electronic accessories,12.05,5,3.0125,63.2625,30-Mar-22,15:53,Credit card
291-59-1384,Farwaniya,Normal,Male,Electronic accessories,60.3,1,3.015,63.315,28-Mar-22,03:04,Credit card
443-60-9639,Aljahra,Member,Female,Home and lifestyle,60.87,1,3.0435,63.9135,29-Mar-22,06:01,Knet
652-49-6720,Aljahra,Member,Female,Electronic accessories,60.95,1,3.0475,63.9975,30-Mar-22,13:00,Knet
278-97-7759,Hawally,Member,Female,Electronic accessories,62.48,1,3.124,65.604,01-Mar-22,20:29,Knet
428-83-5800,Aljahra,Member,Female,Food and beverages,21.08,3,3.162,66.402,01-Mar-22,10:25,Knet
633-44-8566,Hawally,Member,Male,Food and beverages,49.38,1,17.283,66.663,23-Mar-22,20:35,Knet
275-28-0149,Hawally,Normal,Male,Sports and travel,63.69,1,3.1845,66.8745,23-Mar-22,16:21,Credit card
225-32-0908,Aljahra,Normal,Female,Sports and travel,44.86,1,22.43,67.29,27-Mar-22,19:54,Credit card
881-41-7302,Aljahra,Normal,Female,Health and beauty,64.99,1,3.2495,68.2395,23-Mar-22,23:30,Knet
305-89-2768,Aljahra,Member,Female,Home and lifestyle,21.9,3,3.285,68.985,15-Mar-22,18:43,Knet
821-07-3596,Aljahra,Normal,Female,Health and beauty,16.45,4,3.29,69.09,22-Mar-22,14:53,Knet
347-56-2442,Hawally,Normal,Female,Home and lifestyle,65.82,1,3.291,69.111,17-Mar-22,17:00,Knet
346-84-3103,Farwaniya,Member,Female,Electronic accessories,13.22,5,3.305,69.405,01-Mar-22,19:26,Knet
366-93-0948,Hawally,Member,Male,Electronic accessories,66.35,1,3.3175,69.6675,17-Mar-22,10:46,Credit card
273-16-6619,Farwaniya,Normal,Male,Home and lifestyle,33.2,2,3.32,69.72,23-Mar-22,12:20,Credit card
794-42-3736,Farwaniya,Normal,Male,Food and beverages,33.33,2,3.333,69.993,24-Mar-22,14:41,Knet
838-78-4295,Aljahra,Normal,Female,Health and beauty,33.47,2,3.347,70.287,30-Mar-22,15:43,Knet
151-33-7434,Farwaniya,Normal,Female,Food and beverages,67.77,1,3.3885,71.1585,18-Mar-22,20:43,Knet
232-16-2483,Aljahra,Member,Female,Sports and travel,68.12,1,3.406,71.526,24-Mar-22,12:28,Knet
886-54-6089,Hawally,Normal,Female,Home and lifestyle,11.43,6,3.429,72.009,24-Mar-22,17:24,Knet
732-67-5346,Hawally,Normal,Male,Food and beverages,13.79,5,3.4475,72.3975,30-Mar-22,19:07,Credit card
162-65-8559,Aljahra,Member,Male,Food and beverages,68.98,1,3.449,72.429,30-Mar-22,20:13,Credit card
686-41-0932,Farwaniya,Normal,Female,Health and beauty,34.7,2,3.47,72.87,25-Mar-22,19:48,Knet
220-28-1851,Hawally,Normal,Male,Home and lifestyle,34.73,2,3.473,72.933,01-Mar-22,18:14,Knet
333-23-2632,Hawally,Member,Male,Health and beauty,10.08,7,3.528,74.088,25-Mar-22,08:22,Knet
239-48-4278,Hawally,Member,Female,Food and beverages,10.13,7,3.5455,74.4555,30-Mar-22,19:35,Knet
870-76-1733,Hawally,Member,Female,Food and beverages,14.23,5,3.5575,74.7075,31-Mar-22,10:08,Knet
841-18-8232,Farwaniya,Normal,Female,Food and beverages,71.2,1,3.56,74.76,31-Mar-22,11:04,Credit card
616-24-2851,Farwaniya,Member,Female,Health and beauty,17.87,4,3.574,75.054,01-Mar-22,14:42,Credit card
217-58-1179,Hawally,Member,Male,Home and lifestyle,62.65,1,12.53,75.18,04-Mar-22,11:25,Knet
190-14-3147,Aljahra,Normal,Female,Health and beauty,17.97,4,3.594,75.474,22-Mar-22,20:43,Knet
441-94-7118,Hawally,Member,Male,Electronic accessories,71.95,1,3.5975,75.5475,30-Mar-22,03:00,Knet
279-74-2924,Farwaniya,Member,Male,Electronic accessories,72.17,1,3.6085,75.7785,30-Mar-22,19:40,Knet
359-90-3665,Farwaniya,Member,Female,Health and beauty,18.08,4,3.616,75.936,05-Mar-22,18:03,Knet
665-32-9167,Aljahra,Member,Male,Health and beauty,36.26,2,3.626,76.146,09-Mar-22,17:15,Credit card
316-68-6352,Hawally,Member,Female,Food and beverages,36.36,2,3.636,76.356,30-Mar-22,10:00,Credit card
631-34-1880,Aljahra,Member,Male,Food and beverages,24.31,3,3.6465,76.5765,30-Mar-22,19:09,Knet
227-50-3718,Hawally,Normal,Male,Health and beauty,14.62,5,3.655,76.755,28-Mar-22,12:23,Knet
585-90-0249,Hawally,Member,Male,Electronic accessories,73.26,1,3.663,76.923,16-Mar-22,08:04,Knet
835-16-0096,Aljahra,Member,Male,Sports and travel,14.7,5,3.675,77.175,18-Mar-22,15:00,Knet
339-12-4827,Farwaniya,Member,Female,Health and beauty,73.96,1,3.698,77.658,01-Mar-22,11:32,Knet
277-63-2961,Farwaniya,Member,Male,Sports and travel,73.97,1,3.6985,77.6685,23-Mar-22,15:53,Credit card
400-60-7251,Hawally,Normal,Male,Home and lifestyle,74.07,1,3.7035,77.7735,01-Mar-22,12:50,Credit card
843-73-4724,Hawally,Normal,Male,Health and beauty,74.1,1,3.705,77.805,20-Mar-22,12:04,Knet
285-68-5083,Aljahra,Member,Female,Sports and travel,24.74,3,3.711,77.931,31-Mar-22,17:47,Knet
556-86-3144,Aljahra,Member,Female,Health and beauty,74.29,1,3.7145,78.0045,03-Mar-22,19:30,Knet
871-39-9221,Aljahra,Normal,Female,Electronic accessories,12.45,6,3.735,78.435,30-Mar-22,13:11,Knet
593-95-4461,Aljahra,Member,Male,Home and lifestyle,74.86,1,3.743,78.603,01-Mar-22,14:49,Knet
578-80-7669,Farwaniya,Normal,Male,Sports and travel,74.97,1,3.7485,78.7185,07-Mar-22,16:58,Credit card
546-80-2899,Hawally,Member,Male,Home and lifestyle,37.69,2,3.769,79.149,24-Mar-22,15:29,Credit card
525-88-7307,Farwaniya,Member,Male,Sports and travel,75.82,1,3.791,79.611,29-Mar-22,13:19,Knet
343-87-0864,Aljahra,Member,Male,Health and beauty,75.88,1,3.794,79.674,30-Mar-22,10:30,Knet
172-42-8274,Farwaniya,Normal,Female,Electronic accessories,38.27,2,3.827,80.367,25-Mar-22,18:18,Knet
563-36-9814,Hawally,Member,Male,Electronic accessories,76.82,1,3.841,80.661,28-Mar-22,18:27,Knet
556-41-6224,Aljahra,Normal,Male,Health and beauty,33.64,2,13.456,80.736,30-Mar-22,17:10,Knet
445-30-9252,Hawally,Normal,Male,Sports and travel,25.7,3,3.855,80.955,01-Mar-22,17:59,Credit card
636-98-3364,Farwaniya,Member,Female,Electronic accessories,26.26,3,3.939,82.719,31-Mar-22,12:36,Credit card
860-73-6466,Hawally,Member,Female,Sports and travel,39.47,2,3.947,82.887,29-Mar-22,04:04,Knet
512-98-1403,Hawally,Member,Female,Electronic accessories,26.48,3,3.972,83.412,30-Mar-22,10:40,Knet
885-17-6250,Hawally,Normal,Female,Health and beauty,79.74,1,3.987,83.727,30-Mar-22,10:36,Knet
319-50-3348,Farwaniya,Normal,Female,Home and lifestyle,40.3,2,4.03,84.63,20-Mar-22,15:30,Knet
865-41-9075,Hawally,Normal,Male,Food and beverages,11.53,7,4.0355,84.7455,20-Mar-22,17:35,Knet
173-50-1108,Farwaniya,Member,Female,Sports and travel,20.18,4,4.036,84.756,01-Mar-22,12:14,Credit card
284-54-4231,Aljahra,Member,Male,Sports and travel,80.93,1,4.0465,84.9765,23-Mar-22,16:08,Credit card
225-98-1496,Aljahra,Normal,Female,Health and beauty,27.02,3,4.053,85.113,30-Mar-22,13:01,Knet
679-22-6530,Aljahra,Normal,Female,Sports and travel,40.62,2,4.062,85.302,24-Mar-22,10:01,Knet
115-38-7388,Aljahra,Member,Female,Health and beauty,10.18,8,4.072,85.512,30-Mar-22,12:51,Knet
186-09-3669,Aljahra,Member,Female,Health and beauty,81.51,1,4.0755,85.5855,01-Mar-22,10:57,Knet
390-31-6381,Aljahra,Normal,Male,Food and beverages,27.22,3,4.083,85.743,02-Mar-22,12:37,Knet
388-76-2555,Farwaniya,Normal,Female,Sports and travel,13.69,6,4.107,86.247,30-Mar-22,13:59,Credit card
880-35-0356,Hawally,Member,Female,Sports and travel,75.2,1,11.28,86.48,15-Mar-22,11:51,Credit card
453-63-6187,Farwaniya,Normal,Male,Electronic accessories,27.5,3,4.125,86.625,06-Mar-22,15:40,Knet
187-83-5490,Hawally,Member,Male,Electronic accessories,20.77,4,4.154,87.234,31-Mar-22,13:47,Knet
219-61-4139,Aljahra,Normal,Male,Electronic accessories,83.08,1,4.154,87.234,22-Mar-22,21:30,Knet
784-08-0310,Aljahra,Member,Female,Food and beverages,21.04,4,4.208,88.368,17-Mar-22,13:58,Knet
237-44-6163,Hawally,Normal,Male,Electronic accessories,10.56,8,4.224,88.704,30-Mar-22,17:43,Knet
451-73-2711,Aljahra,Normal,Male,Food and beverages,84.83,1,4.2415,89.0715,22-Mar-22,15:20,Credit card
565-91-4567,Farwaniya,Normal,Male,Health and beauty,10.75,8,4.3,90.3,28-Mar-22,20:01,Credit card
848-95-6252,Aljahra,Member,Female,Home and lifestyle,86.27,1,4.3135,90.5835,25-Mar-22,13:24,Knet
586-25-0848,Hawally,Normal,Female,Sports and travel,12.34,7,4.319,90.699,31-Mar-22,11:19,Knet
213-72-6612,Hawally,Normal,Male,Food and beverages,43.25,2,4.325,90.825,30-Mar-22,15:56,Knet
280-35-5823,Farwaniya,Member,Female,Home and lifestyle,86.72,1,4.336,91.056,29-Mar-22,18:45,Knet
211-30-9270,Aljahra,Normal,Male,Health and beauty,17.41,5,4.3525,91.4025,30-Mar-22,15:16,Knet
450-28-2866,Aljahra,Member,Male,Food and beverages,17.44,5,4.36,91.56,23-Mar-22,19:25,Credit card
848-24-9445,Aljahra,Member,Male,Health and beauty,43.7,2,4.37,91.77,31-Mar-22,18:03,Credit card
313-66-9943,Farwaniya,Member,Female,Food and beverages,29.15,3,4.3725,91.8225,30-Mar-22,20:29,Knet
325-89-4209,Hawally,Member,Female,Food and beverages,87.9,1,4.395,92.295,02-Mar-22,05:00,Knet
569-76-2760,Hawally,Member,Female,Sports and travel,22.01,4,4.402,92.442,31-Mar-22,18:15,Knet
364-33-8584,Farwaniya,Member,Female,Food and beverages,17.63,5,4.4075,92.5575,30-Mar-22,15:27,Knet
321-49-7382,Farwaniya,Member,Female,Sports and travel,88.31,1,4.4155,92.7255,01-Mar-22,17:38,Knet
511-54-3087,Farwaniya,Normal,Male,Sports and travel,88.45,1,4.4225,92.8725,27-Mar-22,16:36,Credit card
779-06-0012,Aljahra,Member,Female,Home and lifestyle,88.61,1,4.4305,93.0405,30-Mar-22,10:21,Credit card
106-35-6779,Hawally,Member,Male,Home and lifestyle,44.34,2,4.434,93.114,30-Mar-22,11:26,Knet
394-43-4238,Farwaniya,Member,Male,Home and lifestyle,17.77,5,4.4425,93.2925,30-Mar-22,12:42,Knet
866-05-7563,Farwaniya,Member,Female,Electronic accessories,81.4,1,12.21,93.61,07-Mar-22,19:43,Knet
247-11-2470,Hawally,Member,Female,Health and beauty,22.32,4,4.464,93.744,25-Mar-22,16:23,Knet
210-30-7976,Farwaniya,Member,Female,Health and beauty,22.32,4,4.464,93.744,28-Mar-22,11:16,Knet
478-06-7835,Hawally,Normal,Male,Health and beauty,89.69,1,4.4845,94.1745,30-Mar-22,11:20,Credit card
512-91-0811,Aljahra,Normal,Male,Health and beauty,89.75,1,4.4875,94.2375,30-Mar-22,20:05,Credit card
573-58-9734,Farwaniya,Normal,Female,Health and beauty,30.37,3,4.5555,95.6655,04-Mar-22,13:41,Knet
528-14-9470,Hawally,Member,Male,Health and beauty,91.3,1,4.565,95.865,02-Mar-22,14:42,Knet
598-06-7312,Farwaniya,Member,Male,Health and beauty,91.35,1,4.5675,95.9175,31-Mar-22,15:42,Knet
372-94-8041,Hawally,Normal,Male,Health and beauty,15.26,6,4.578,96.138,06-Mar-22,18:03,Knet
436-54-4512,Hawally,Member,Female,Food and beverages,91.61,1,4.5805,96.1905,30-Mar-22,19:44,Knet
256-58-3609,Aljahra,Member,Male,Health and beauty,91.98,1,4.599,96.579,20-Mar-22,15:29,Credit card
460-35-4390,Hawally,Normal,Male,Home and lifestyle,30.68,3,4.602,96.642,30-Mar-22,11:00,Credit card
359-94-5395,Farwaniya,Normal,Male,Health and beauty,92.78,1,4.639,97.419,30-Mar-22,08:01,Knet
737-88-5876,Hawally,Member,Male,Home and lifestyle,23.29,4,4.658,97.818,30-Mar-22,11:52,Knet
702-72-0487,Hawally,Normal,Female,Electronic accessories,46.61,2,4.661,97.881,27-Mar-22,09:22,Knet
434-35-9162,Farwaniya,Member,Male,Food and beverages,23.34,4,4.668,98.028,02-Mar-22,18:53,Knet
875-31-8302,Farwaniya,Normal,Female,Sports and travel,93.38,1,4.669,98.049,29-Mar-22,13:07,Knet
182-69-8360,Farwaniya,Normal,Female,Electronic accessories,23.65,4,4.73,99.33,27-Mar-22,13:32,Credit card
343-75-9322,Farwaniya,Member,Female,Sports and travel,11.85,8,4.74,99.54,02-Mar-22,16:34,Credit card
674-56-6360,Hawally,Normal,Male,Electronic accessories,95.15,1,4.7575,99.9075,31-Mar-22,14:00,Knet
186-43-8965,Hawally,Member,Female,Home and lifestyle,47.68,2,4.768,100.128,30-Mar-22,10:10,Knet
602-80-9671,Aljahra,Member,Female,Home and lifestyle,15.95,6,4.785,100.485,01-Mar-22,17:15,Knet
459-50-7686,Hawally,Normal,Female,Electronic accessories,23.46,4,7.038,100.878,23-Mar-22,19:14,Knet
761-49-0439,Farwaniya,Member,Female,Electronic accessories,12.1,8,4.84,101.64,01-Mar-22,10:17,Knet
176-64-7711,Aljahra,Normal,Male,Food and beverages,32.32,3,4.848,101.808,27-Mar-22,01:38,Credit card
744-02-5987,Hawally,Member,Male,Home and lifestyle,78.38,1,23.514,101.894,31-Mar-22,14:16,Credit card
594-34-4444,Hawally,Normal,Male,Electronic accessories,97.16,1,4.858,102.018,31-Mar-22,20:38,Knet
883-17-4236,Aljahra,Normal,Female,Sports and travel,14.39,7,1.439,102.169,30-Mar-22,19:44,Knet
137-74-8729,Aljahra,Normal,Female,Health and beauty,12.19,8,4.876,102.396,05-Mar-22,07:00,Knet
642-61-4706,Hawally,Member,Male,Food and beverages,93.4,1,9.34,102.74,18-Mar-22,16:34,Knet
643-38-7867,Hawally,Normal,Male,Home and lifestyle,97.94,1,4.897,102.837,30-Mar-22,11:44,Knet
401-18-8016,Farwaniya,Member,Female,Sports and travel,98.13,1,4.9065,103.0365,25-Mar-22,17:36,Credit card
241-96-5076,Farwaniya,Member,Female,Home and lifestyle,49.1,2,4.91,103.11,30-Mar-22,12:58,Credit card
181-82-6255,Farwaniya,Normal,Female,Home and lifestyle,16.37,6,4.911,103.131,30-Mar-22,10:58,Knet
634-97-8956,Hawally,Normal,Male,Food and beverages,32.9,3,4.935,103.635,15-Mar-22,12:00,Knet
233-34-0817,Aljahra,Member,Female,Electronic accessories,98.84,1,4.942,103.782,04-Mar-22,11:21,Knet
214-17-6927,Aljahra,Normal,Female,Food and beverages,16.48,6,4.944,103.824,27-Mar-22,18:23,Knet
250-81-7186,Aljahra,Normal,Female,Electronic accessories,99.69,1,4.9845,104.6745,23-Mar-22,10:23,Knet
883-69-1285,Farwaniya,Member,Male,Health and beauty,49.92,2,4.992,104.832,30-Mar-22,11:55,Credit card
226-31-3081,Aljahra,Normal,Female,Electronic accessories,50,2,5,105,02-Mar-22,10:29,Credit card
176-78-1170,Aljahra,Member,Male,Health and beauty,33.81,3,5.0715,106.5015,30-Mar-22,15:11,Knet
152-03-4217,Farwaniya,Normal,Female,Home and lifestyle,11.28,9,5.076,106.596,27-Mar-22,11:55,Knet
756-01-7507,Aljahra,Normal,Female,Health and beauty,20.38,5,5.095,106.995,01-Mar-22,18:56,Knet
641-43-2399,Farwaniya,Normal,Male,Home and lifestyle,25.55,4,5.11,107.31,31-Mar-22,20:23,Knet
821-14-9046,Farwaniya,Member,Female,Health and beauty,17.48,6,5.244,110.124,30-Mar-22,15:04,Knet
540-11-4336,Hawally,Normal,Male,Food and beverages,24.94,4,11.223,110.983,01-Mar-22,16:49,Credit card
569-71-4390,Farwaniya,Normal,Male,Sports and travel,21.87,5,2.187,111.537,01-Mar-22,14:29,Credit card
730-50-9884,Aljahra,Normal,Female,Sports and travel,83.06,1,29.071,112.131,29-Mar-22,14:31,Knet
378-24-2715,Farwaniya,Normal,Male,Home and lifestyle,53.44,2,5.344,112.224,31-Mar-22,20:38,Knet
182-52-7000,Hawally,Member,Female,Sports and travel,27.04,4,5.408,113.568,30-Mar-22,20:26,Knet
642-32-2990,Hawally,Normal,Female,Food and beverages,10.96,10,5.48,115.08,30-Mar-22,20:48,Knet
291-32-1427,Farwaniya,Member,Male,Health and beauty,21.94,5,5.485,115.185,31-Mar-22,12:29,Knet
880-46-5796,Hawally,Member,Female,Sports and travel,76.92,1,38.46,115.38,06-Mar-22,08:00,Credit card
487-79-6868,Farwaniya,Member,Female,Home and lifestyle,12.29,9,5.5305,116.1405,26-Mar-22,19:28,Credit card
794-32-2436,Farwaniya,Member,Male,Electronic accessories,55.67,2,5.567,116.907,31-Mar-22,15:08,Knet
829-49-1914,Aljahra,Member,Female,Food and beverages,78.31,1,39.155,117.465,31-Mar-22,16:24,Knet
554-53-8700,Aljahra,Member,Male,Home and lifestyle,56.11,2,5.611,117.831,30-Mar-22,10:11,Knet
356-44-8813,Farwaniya,Normal,Male,Home and lifestyle,37.48,3,5.622,118.062,25-Mar-22,22:04,Knet
243-47-2663,Aljahra,Member,Male,Electronic accessories,18.77,6,5.631,118.251,30-Mar-22,10:04,Knet
748-45-2862,Hawally,Member,Female,Home and lifestyle,28.31,4,5.662,118.902,30-Mar-22,18:35,Credit card
669-54-1719,Farwaniya,Member,Male,Electronic accessories,18.93,6,5.679,119.259,31-Mar-22,12:45,Credit card
764-44-8999,Farwaniya,Normal,Female,Health and beauty,14.76,8,1.476,119.556,25-Mar-22,05:00,Knet
549-23-9016,Aljahra,Member,Female,Food and beverages,14.87,8,1.487,120.447,30-Mar-22,05:04,Knet
606-80-4905,Aljahra,Member,Female,Sports and travel,19.15,6,5.745,120.645,01-Mar-22,10:01,Knet
727-75-6477,Aljahra,Normal,Male,Electronic accessories,28.84,4,5.768,121.128,30-Mar-22,14:44,Knet
349-97-8902,Farwaniya,Member,Male,Food and beverages,57.89,2,5.789,121.569,31-Mar-22,15:30,Knet
266-76-6436,Aljahra,Member,Female,Food and beverages,38.6,3,5.79,121.59,04-Mar-22,13:57,Credit card
745-74-0715,Hawally,Normal,Female,Electronic accessories,58.03,2,5.803,121.863,28-Mar-22,11:00,Credit card
123-19-1176,Hawally,Member,Male,Health and beauty,58.22,2,5.822,122.262,03-Mar-22,20:33,Knet
545-07-8534,Aljahra,Normal,Female,Health and beauty,58.32,2,5.832,122.472,21-Mar-22,12:42,Knet
583-41-4548,Aljahra,Normal,Male,Home and lifestyle,16.67,7,5.8345,122.5245,30-Mar-22,11:36,Knet
448-81-5016,Hawally,Normal,Male,Health and beauty,59.77,2,5.977,125.517,02-Mar-22,12:01,Knet
396-90-2219,Farwaniya,Normal,Female,Electronic accessories,14.96,8,5.984,125.664,01-Mar-22,12:29,Knet
339-38-9982,Farwaniya,Member,Male,Health and beauty,59.86,2,5.986,125.706,01-Mar-22,14:55,Credit card
503-21-4385,Aljahra,Member,Male,Health and beauty,39.91,3,5.9865,125.7165,31-Mar-22,12:40,Credit card
148-82-2527,Aljahra,Member,Female,Home and lifestyle,12.12,10,6.06,127.26,20-Mar-22,13:44,Knet
816-57-2053,Hawally,Normal,Male,Sports and travel,60.87,2,6.087,127.827,30-Mar-22,12:37,Knet
261-12-8671,Farwaniya,Normal,Female,Health and beauty,60.96,2,6.096,128.016,19-Mar-22,19:39,Knet
650-98-6268,Farwaniya,Member,Female,Food and beverages,20.87,6,3.1305,128.3505,10-Mar-22,13:53,Knet
760-54-1821,Farwaniya,Normal,Male,Home and lifestyle,13.59,9,6.1155,128.4255,30-Mar-22,10:26,Knet
760-53-9233,Hawally,Member,Male,Health and beauty,41.28,3,6.192,130.032,30-Mar-22,18:37,Credit card
560-30-5617,Farwaniya,Normal,Female,Sports and travel,24.77,5,6.1925,130.0425,25-Mar-22,18:27,Credit card
641-51-2661,Aljahra,Member,Female,Food and beverages,87.1,1,43.55,130.65,06-Mar-22,14:45,Knet
268-20-3585,Aljahra,Normal,Female,Health and beauty,13.85,9,6.2325,130.8825,30-Mar-22,12:50,Knet
760-27-5490,Aljahra,Normal,Male,Health and beauty,15.62,8,6.248,131.208,31-Mar-22,20:37,Knet
766-85-7061,Farwaniya,Normal,Male,Health and beauty,87.87,1,43.935,131.805,01-Mar-22,10:25,Knet
101-81-4070,Aljahra,Member,Female,Health and beauty,62.82,2,6.282,131.922,01-Mar-22,12:36,Knet
133-14-7229,Aljahra,Normal,Male,Health and beauty,62.87,2,6.287,132.027,31-Mar-22,11:43,Credit card
102-06-2002,Aljahra,Member,Female,Sports and travel,25.25,5,6.3125,132.5625,30-Mar-22,17:52,Credit card
529-56-3974,Aljahra,Member,Male,Electronic accessories,25.51,5,5.102,132.652,12-Mar-22,20:15,Knet
556-97-7101,Aljahra,Normal,Female,Electronic accessories,63.22,2,6.322,132.762,23-Mar-22,15:51,Knet
830-58-2383,Farwaniya,Normal,Male,Home and lifestyle,31.75,4,6.35,133.35,27-Mar-22,07:30,Knet
592-34-6155,Aljahra,Normal,Male,Food and beverages,31.77,4,6.354,133.434,01-Mar-22,14:43,Knet
596-42-3999,Farwaniya,Normal,Male,Food and beverages,18.22,7,6.377,133.917,25-Mar-22,14:04,Knet
322-02-2271,Farwaniya,Normal,Female,Sports and travel,42.97,3,6.4455,135.3555,04-Mar-22,11:46,Credit card
151-16-1484,Hawally,Member,Male,Electronic accessories,32.25,4,6.45,135.45,19-Mar-22,12:38,Credit card
746-54-5508,Hawally,Normal,Male,Home and lifestyle,21.52,6,6.456,135.576,08-Mar-22,12:48,Knet
767-97-4650,Farwaniya,Member,Female,Sports and travel,64.83,2,6.483,136.143,31-Mar-22,11:59,Knet
200-16-5952,Aljahra,Member,Female,Food and beverages,65.65,2,6.565,137.865,29-Mar-22,16:46,Knet
700-81-1757,Hawally,Normal,Female,Electronic accessories,26.31,5,6.5775,138.1275,27-Mar-22,20:59,Knet
744-09-5786,Farwaniya,Normal,Male,Electronic accessories,22.01,6,6.603,138.663,31-Mar-22,18:50,Knet
776-68-1096,Farwaniya,Normal,Male,Home and lifestyle,44.12,3,6.618,138.978,30-Mar-22,13:45,Credit card
399-69-4630,Aljahra,Normal,Male,Electronic accessories,22.21,6,6.663,139.923,23-Mar-22,20:04,Credit card
301-11-9629,Hawally,Normal,Female,Sports and travel,19.1,7,6.685,140.385,27-Mar-22,10:43,Knet
150-89-8043,Hawally,Normal,Male,Sports and travel,44.65,3,6.6975,140.6475,31-Mar-22,01:00,Knet
400-45-1220,Farwaniya,Normal,Female,Health and beauty,13.5,10,6.75,141.75,30-Mar-22,11:06,Knet
134-75-2619,Hawally,Member,Male,Electronic accessories,19.32,7,6.762,142.002,24-Mar-22,21:04,Knet
788-21-5741,Hawally,Normal,Male,Health and beauty,45.38,3,6.807,142.947,01-Mar-22,13:34,Knet
585-86-8361,Hawally,Normal,Female,Food and beverages,27.28,5,6.82,143.22,29-Mar-22,10:31,Credit card
734-91-1155,Farwaniya,Normal,Female,Electronic accessories,45.71,3,6.8565,143.9865,31-Mar-22,10:34,Credit card
453-12-7053,Aljahra,Normal,Male,Health and beauty,45.74,3,6.861,144.081,30-Mar-22,17:38,Knet
751-15-6198,Farwaniya,Normal,Male,Sports and travel,23.01,6,6.903,144.963,04-Mar-22,10:01,Knet
750-57-9686,Aljahra,Normal,Female,Home and lifestyle,45.38,3,9.076,145.216,31-Mar-22,13:48,Knet
510-79-0415,Farwaniya,Member,Female,Sports and travel,23.08,6,6.924,145.404,01-Mar-22,19:20,Knet
595-94-9924,Hawally,Member,Female,Health and beauty,27.73,5,6.9325,145.5825,19-Mar-22,20:21,Knet
181-94-6432,Aljahra,Member,Male,Health and beauty,69.33,2,6.933,145.593,30-Mar-22,19:05,Credit card
620-02-2046,Aljahra,Normal,Male,Home and lifestyle,69.4,2,6.94,145.74,25-Mar-22,19:48,Credit card
207-73-1363,Farwaniya,Normal,Male,Health and beauty,69.51,2,6.951,145.971,01-Mar-22,12:15,Knet
656-16-1063,Farwaniya,Normal,Male,Sports and travel,46.42,3,6.963,146.223,30-Mar-22,13:24,Knet
695-51-0018,Farwaniya,Normal,Female,Sports and travel,34.84,4,6.968,146.328,06-Mar-22,18:36,Knet
816-72-8853,Hawally,Member,Female,Sports and travel,27.93,5,6.9825,146.6325,25-Mar-22,15:48,Knet
423-64-4619,Hawally,Member,Female,Health and beauty,15.55,9,6.9975,146.9475,01-Mar-22,13:12,Knet
334-64-2006,Hawally,Member,Female,Home and lifestyle,70.32,2,7.032,147.672,21-Mar-22,19:30,Credit card
892-05-6689,Hawally,Normal,Female,Home and lifestyle,28.32,5,7.08,148.68,30-Mar-22,13:28,Credit card
808-65-0703,Aljahra,Normal,Male,Home and lifestyle,35.47,4,7.094,148.974,23-Mar-22,17:22,Knet
527-09-6272,Hawally,Member,Female,Electronic accessories,28.45,5,7.1125,149.3625,31-Mar-22,16:00,Knet
633-09-3463,Aljahra,Normal,Female,Electronic accessories,47.65,3,7.1475,150.0975,31-Mar-22,19:00,Knet
373-14-0504,Hawally,Member,Female,Sports and travel,71.63,2,7.163,150.423,23-Mar-22,14:33,Knet
613-59-9758,Aljahra,Normal,Female,Sports and travel,14.36,10,7.18,150.78,16-Mar-22,14:28,Knet
198-66-9832,Farwaniya,Member,Female,Health and beauty,72.04,2,7.204,151.284,26-Mar-22,23:04,Credit card
378-07-7001,Farwaniya,Member,Male,Electronic accessories,48.09,3,7.2135,151.4835,30-Mar-22,21:00,Credit card
120-54-2248,Farwaniya,Normal,Female,Food and beverages,28.86,5,7.215,151.515,30-Mar-22,18:08,Knet
355-34-6244,Farwaniya,Normal,Female,Food and beverages,72.39,2,7.239,152.019,31-Mar-22,19:55,Knet
340-66-0321,Hawally,Member,Male,Electronic accessories,36.36,4,7.272,152.712,13-Mar-22,13:07,Knet
387-49-4215,Farwaniya,Member,Female,Sports and travel,48.5,3,7.275,152.775,29-Mar-22,12:50,Knet
510-95-6347,Farwaniya,Member,Female,Food and beverages,48.52,3,7.278,152.838,31-Mar-22,18:17,Knet
173-57-2300,Aljahra,Member,Male,Sports and travel,72.88,2,7.288,153.048,30-Mar-22,12:51,Credit card
236-27-1144,Aljahra,Normal,Female,Food and beverages,16.31,9,7.3395,154.1295,01-Mar-22,10:31,Credit card
437-58-8131,Farwaniya,Normal,Female,Health and beauty,73.52,2,7.352,154.392,01-Mar-22,13:41,Knet
767-54-1907,Farwaniya,Member,Female,Health and beauty,29.56,5,7.39,155.19,01-Mar-22,16:59,Knet
583-72-1480,Aljahra,Member,Male,Electronic accessories,37.06,4,7.412,155.652,30-Mar-22,16:24,Knet
795-49-7276,Hawally,Normal,Male,Health and beauty,37.15,4,7.43,156.03,22-Mar-22,18:59,Knet
750-67-8428,Hawally,Member,Female,Health and beauty,74.69,2,7.469,156.849,01-Mar-22,13:08,Knet
287-83-1405,Hawally,Normal,Male,Health and beauty,25.43,6,7.629,160.209,01-Mar-22,19:01,Credit card
423-80-0988,Aljahra,Normal,Male,Sports and travel,76.4,2,7.64,160.44,02-Mar-22,19:42,Credit card
655-85-5130,Farwaniya,Member,Female,Health and beauty,38.3,4,7.66,160.86,23-Mar-22,19:22,Knet
873-51-0671,Hawally,Member,Female,Sports and travel,21.98,7,7.693,161.553,28-Mar-22,16:42,Knet
480-63-2856,Aljahra,Normal,Male,Food and beverages,19.25,8,7.7,161.7,03-Mar-22,18:37,Knet
656-95-9349,Hawally,Member,Female,Health and beauty,68.93,2,24.1255,161.9855,17-Mar-22,00:29,Knet
301-81-8610,Farwaniya,Member,Male,Health and beauty,25.42,6,10.168,162.688,06-Mar-22,19:42,Knet
851-28-6367,Hawally,Member,Male,Sports and travel,15.5,10,7.75,162.75,01-Mar-22,10:55,Credit card
701-23-5550,Farwaniya,Member,Male,Home and lifestyle,38.81,4,7.762,163.002,01-Mar-22,12:04,Credit card
729-09-9681,Hawally,Member,Male,Home and lifestyle,25.91,6,7.773,163.233,18-Mar-22,10:16,Knet
497-36-0989,Hawally,Normal,Male,Health and beauty,51.94,3,7.791,163.611,27-Mar-22,02:04,Knet
152-68-2907,Hawally,Normal,Male,Food and beverages,52.2,3,7.83,164.43,18-Mar-22,13:30,Knet
286-62-6248,Farwaniya,Normal,Male,Health and beauty,39.21,4,7.842,164.682,31-Mar-22,20:03,Knet
665-63-9737,Farwaniya,Normal,Male,Health and beauty,52.42,3,7.863,165.123,31-Mar-22,17:36,Knet
139-52-2867,Aljahra,Normal,Female,Health and beauty,22.51,7,7.8785,165.4485,16-Mar-22,10:50,Credit card
135-13-8269,Farwaniya,Member,Female,Food and beverages,78.88,2,7.888,165.648,01-Mar-22,16:04,Credit card
867-47-1948,Aljahra,Normal,Female,Home and lifestyle,15.8,10,7.9,165.9,18-Mar-22,12:07,Knet
199-75-8169,Hawally,Member,Male,Sports and travel,15.81,10,7.905,166.005,31-Mar-22,12:27,Knet
414-12-7047,Farwaniya,Normal,Male,Food and beverages,19.79,8,7.916,166.236,13-Mar-22,12:04,Knet
877-22-3308,Hawally,Member,Male,Health and beauty,15.87,10,7.935,166.635,30-Mar-22,16:40,Knet
186-71-5196,Hawally,Member,Female,Food and beverages,79.54,2,7.954,167.034,06-Mar-22,16:30,Knet
518-71-6847,Farwaniya,Member,Male,Food and beverages,26.6,6,7.98,167.58,16-Mar-22,15:10,Credit card
856-66-2701,Hawally,Member,Male,Home and lifestyle,53.3,3,7.995,167.895,01-Mar-22,14:19,Credit card
340-21-9136,Hawally,Member,Female,Sports and travel,40.05,4,8.01,168.21,06-Mar-22,11:40,Knet
870-54-3162,Hawally,Normal,Female,Sports and travel,32.25,5,8.0625,169.3125,01-Mar-22,13:26,Knet
289-65-5721,Farwaniya,Normal,Female,Health and beauty,81.37,2,8.137,170.877,30-Mar-22,19:28,Knet
896-34-0956,Hawally,Normal,Male,Health and beauty,21.32,8,1.066,171.626,31-Mar-22,06:04,Knet
831-07-6050,Hawally,Normal,Male,Electronic accessories,32.71,5,8.1775,171.7275,01-Mar-22,11:30,Knet
848-42-2560,Hawally,Normal,Female,Health and beauty,81.91,2,8.191,172.011,31-Mar-22,17:43,Credit card
329-62-1586,Hawally,Normal,Male,Food and beverages,54.67,3,8.2005,172.2105,19-Mar-22,18:00,Credit card
628-34-3388,Aljahra,Normal,Male,Health and beauty,27.38,6,8.214,172.494,30-Mar-22,20:54,Knet
692-92-5582,Aljahra,Member,Female,Food and beverages,54.84,3,8.226,172.746,10-Mar-22,18:15,Knet
272-27-9238,Aljahra,Normal,Female,Food and beverages,41.24,4,8.248,173.208,29-Mar-22,16:23,Knet
699-01-4164,Aljahra,Normal,Male,Health and beauty,41.5,4,8.3,174.3,30-Mar-22,19:58,Knet
485-30-8700,Hawally,Normal,Female,Sports and travel,33.26,5,8.315,174.615,28-Mar-22,16:10,Knet
548-48-3156,Hawally,Member,Female,Food and beverages,83.34,2,8.334,175.014,01-Mar-22,03:00,Credit card
756-93-1854,Aljahra,Member,Female,Health and beauty,83.35,2,8.335,175.035,31-Mar-22,14:05,Credit card
442-44-6497,Aljahra,Member,Male,Home and lifestyle,55.57,3,8.3355,175.0455,04-Mar-22,11:42,Knet
733-33-4967,Aljahra,Normal,Male,Electronic accessories,20.85,8,8.34,175.14,11-Mar-22,19:17,Knet
589-02-8023,Hawally,Member,Male,Food and beverages,83.77,2,8.377,175.917,30-Mar-22,10:54,Knet
242-11-3142,Hawally,Member,Male,Health and beauty,83.77,2,8.377,175.917,01-Mar-22,19:57,Knet
635-28-5728,Hawally,Normal,Male,Health and beauty,56,3,8.4,176.4,26-Mar-22,19:33,Knet
859-97-6048,Aljahra,Member,Male,Electronic accessories,84.25,2,8.425,176.925,27-Mar-22,10:22,Credit card
770-42-8960,Farwaniya,Normal,Male,Food and beverages,21.12,8,8.448,177.408,29-Mar-22,19:31,Credit card
269-10-8440,Hawally,Member,Male,Health and beauty,53.17,3,18.6095,178.1195,09-Mar-22,18:01,Knet
788-07-8452,Aljahra,Member,Female,Home and lifestyle,24.24,7,8.484,178.164,30-Mar-22,17:38,Knet
829-34-3910,Hawally,Normal,Female,Health and beauty,71.38,2,35.69,178.45,15-Mar-22,19:21,Knet
747-58-7183,Farwaniya,Normal,Male,Health and beauty,57.27,3,8.5905,180.4005,06-Mar-22,17:04,Knet
834-45-5519,Aljahra,Normal,Female,Electronic accessories,43,4,8.6,180.6,01-Mar-22,20:48,Knet
790-29-1172,Farwaniya,Normal,Female,Food and beverages,57.34,3,8.601,180.621,28-Mar-22,18:59,Credit card
744-82-9138,Aljahra,Normal,Male,Health and beauty,86.13,2,8.613,180.873,30-Mar-22,17:59,Credit card
214-30-2776,Farwaniya,Member,Female,Electronic accessories,34.49,5,8.6225,181.0725,29-Mar-22,19:44,Knet
636-48-8204,Hawally,Normal,Male,Electronic accessories,34.56,5,8.64,181.44,24-Mar-22,11:15,Knet
346-12-3257,Farwaniya,Member,Male,Electronic accessories,19.24,9,8.658,181.818,01-Mar-22,16:28,Knet
779-42-2410,Hawally,Member,Male,Food and beverages,57.74,3,8.661,181.881,21-Mar-22,13:06,Knet
873-14-6353,Hawally,Member,Male,Food and beverages,24.82,7,8.687,182.427,01-Mar-22,10:33,Knet
807-14-7833,Hawally,Member,Female,Electronic accessories,17.42,10,8.71,182.91,30-Mar-22,12:30,Credit card
706-36-6154,Hawally,Member,Male,Home and lifestyle,19.36,9,8.712,182.952,31-Mar-22,18:43,Credit card
746-68-6593,Aljahra,Member,Female,Sports and travel,87.16,2,8.716,183.036,31-Mar-22,14:29,Knet
629-42-4133,Aljahra,Normal,Male,Health and beauty,21.8,8,8.72,183.12,24-Mar-22,19:24,Knet
690-01-6631,Farwaniya,Normal,Female,Health and beauty,17.49,10,8.745,183.645,29-Mar-22,12:00,Knet
189-17-4241,Hawally,Normal,Female,Health and beauty,87.67,2,8.767,184.107,28-Mar-22,12:17,Knet
787-15-1757,Aljahra,Member,Male,Health and beauty,44.07,4,8.814,185.094,04-Mar-22,16:28,Knet
175-54-2529,Hawally,Member,Male,Food and beverages,22.17,8,8.868,186.228,15-Mar-22,17:01,Credit card
258-92-7466,Hawally,Normal,Female,Health and beauty,35.68,5,8.92,187.32,01-Mar-22,18:33,Credit card
418-05-0656,Farwaniya,Normal,Female,Health and beauty,25.56,7,8.946,187.866,30-Mar-22,20:42,Knet
373-88-1424,Aljahra,Member,Male,Home and lifestyle,35.81,5,8.9525,188.0025,29-Mar-22,18:44,Knet
727-46-3608,Farwaniya,Member,Female,Food and beverages,20.01,9,9.0045,189.0945,30-Mar-22,15:47,Knet
381-20-0914,Hawally,Member,Female,Health and beauty,20.01,9,9.0045,189.0945,30-Mar-22,15:48,Knet
704-10-4056,Aljahra,Member,Male,Health and beauty,60.47,3,9.0705,190.4805,29-Mar-22,03:22,Knet
531-80-1784,Hawally,Normal,Male,Electronic accessories,26.02,7,9.107,191.247,01-Mar-22,17:38,Credit card
120-06-4233,Aljahra,Normal,Male,Electronic accessories,30.61,6,9.183,192.843,30-Mar-22,20:36,Credit card
201-86-2184,Farwaniya,Member,Female,Electronic accessories,26.26,7,9.191,193.011,18-Mar-22,19:40,Knet
509-10-0516,Farwaniya,Normal,Male,Home and lifestyle,45.97,4,9.194,193.074,18-Mar-22,12:02,Knet
258-69-7810,Aljahra,Normal,Female,Health and beauty,36.85,5,9.2125,193.4625,20-Mar-22,17:30,Knet
651-61-0874,Aljahra,Normal,Male,Home and lifestyle,46.22,4,9.244,194.124,31-Mar-22,20:04,Knet
290-68-2984,Hawally,Normal,Male,Home and lifestyle,23.75,8,4.75,194.75,31-Mar-22,11:22,Knet
674-15-9296,Hawally,Normal,Male,Sports and travel,37.14,5,9.285,194.985,17-Mar-22,13:05,Credit card
732-04-5373,Farwaniya,Member,Male,Home and lifestyle,46.47,4,9.294,195.174,31-Mar-22,10:53,Credit card
339-18-7061,Aljahra,Member,Female,Health and beauty,92.98,2,9.298,195.258,04-Mar-22,15:06,Knet
645-78-8093,Hawally,Normal,Female,Sports and travel,93.14,2,9.314,195.594,01-Mar-22,18:09,Knet
618-34-8551,Hawally,Normal,Female,Sports and travel,93.18,2,9.318,195.678,24-Mar-22,16:01,Knet
142-72-4741,Aljahra,Member,Male,Health and beauty,93.2,2,9.32,195.72,04-Mar-22,18:37,Knet
282-35-2475,Farwaniya,Normal,Female,Sports and travel,93.31,2,9.331,195.951,26-Mar-22,17:53,Knet
372-26-1506,Aljahra,Normal,Female,Health and beauty,23.82,8,5.955,196.515,30-Mar-22,19:24,Credit card
268-03-6164,Farwaniya,Normal,Male,Health and beauty,96.11,2,4.8055,197.0255,30-Mar-22,16:28,Credit card
250-17-5703,Hawally,Member,Male,Food and beverages,18.85,10,9.425,197.925,24-Mar-22,18:24,Knet
375-72-3056,Farwaniya,Normal,Male,Sports and travel,63.06,3,9.459,198.639,06-Mar-22,15:58,Knet
565-80-5980,Aljahra,Member,Female,Home and lifestyle,47.38,4,9.476,198.996,26-Mar-22,10:25,Knet
565-17-3836,Hawally,Member,Female,Health and beauty,47.67,4,9.534,200.214,30-Mar-22,14:21,Knet
595-11-5460,Hawally,Normal,Male,Health and beauty,96.58,2,9.658,202.818,30-Mar-22,10:12,Knet
726-29-6793,Hawally,Member,Male,Electronic accessories,24.18,8,9.672,203.112,28-Mar-22,20:54,Credit card
254-31-0042,Hawally,Member,Male,Electronic accessories,21.5,9,9.675,203.175,17-Mar-22,12:46,Credit card
126-54-1082,Hawally,Member,Female,Home and lifestyle,21.54,9,9.693,203.553,29-Mar-22,11:44,Knet
174-75-0888,Farwaniya,Normal,Male,Electronic accessories,21.58,9,9.711,203.931,30-Mar-22,03:04,Knet
558-80-4082,Aljahra,Normal,Male,Electronic accessories,27.85,7,9.7475,204.6975,31-Mar-22,17:20,Knet
502-05-1910,Hawally,Normal,Male,Health and beauty,65.18,3,9.777,205.317,27-Mar-22,20:35,Knet
510-09-5628,Hawally,Member,Female,Health and beauty,19.66,10,9.83,206.43,26-Mar-22,18:20,Knet
521-18-7827,Aljahra,Member,Male,Home and lifestyle,39.39,5,9.8475,206.7975,31-Mar-22,20:46,Credit card
409-33-9708,Hawally,Normal,Female,Health and beauty,98.48,2,9.848,206.808,21-Mar-22,13:04,Credit card
714-02-3114,Aljahra,Normal,Female,Sports and travel,98.8,2,9.88,207.48,29-Mar-22,11:39,Knet
191-29-0321,Aljahra,Member,Female,Health and beauty,19.77,10,9.885,207.585,28-Mar-22,18:57,Knet
438-01-4015,Farwaniya,Member,Female,Sports and travel,49.49,4,9.898,207.858,20-Mar-22,15:25,Knet
868-81-1752,Farwaniya,Normal,Male,Home and lifestyle,22.02,9,9.909,208.089,14-Mar-22,18:48,Knet
514-37-2845,Farwaniya,Normal,Male,Health and beauty,99.25,2,9.925,208.425,31-Mar-22,00:15,Knet
174-36-3675,Aljahra,Member,Male,Food and beverages,99.37,2,9.937,208.677,31-Mar-22,17:29,Credit card
831-64-0259,Farwaniya,Normal,Female,Health and beauty,39.75,5,9.9375,208.6875,30-Mar-22,10:43,Credit card
544-32-5024,Aljahra,Member,Female,Food and beverages,49.79,4,9.958,209.118,29-Mar-22,11:30,Knet
471-41-2823,Aljahra,Normal,Male,Food and beverages,99.79,2,9.979,209.559,27-Mar-22,20:37,Knet
446-47-6729,Aljahra,Normal,Male,Health and beauty,99.82,2,9.982,209.622,31-Mar-22,18:09,Knet
437-53-3084,Farwaniya,Normal,Male,Health and beauty,99.89,2,9.989,209.769,21-Mar-22,11:48,Knet
257-60-7754,Hawally,Normal,Female,Electronic accessories,50.23,4,10.046,210.966,25-Mar-22,17:01,Knet
305-03-2383,Hawally,Normal,Female,Food and beverages,67.1,3,10.065,211.365,31-Mar-22,10:36,Credit card
608-04-3797,Farwaniya,Member,Female,Health and beauty,25.32,8,10.128,212.688,27-Mar-22,20:24,Credit card
639-76-1242,Aljahra,Normal,Male,Food and beverages,40.52,5,10.13,212.73,31-Mar-22,15:19,Knet
610-46-4100,Hawally,Normal,Male,Health and beauty,28.95,7,10.1325,212.7825,31-Mar-22,20:31,Knet
345-08-4992,Hawally,Normal,Male,Home and lifestyle,33.99,6,10.197,214.137,06-Mar-22,15:37,Knet
730-61-8757,Farwaniya,Member,Male,Health and beauty,51.13,4,10.226,214.746,12-Mar-22,10:11,Knet
662-72-2873,Hawally,Normal,Female,Food and beverages,40.94,5,10.235,214.935,28-Mar-22,13:58,Knet
439-54-7422,Hawally,Normal,Female,Electronic accessories,51.19,4,10.238,214.998,31-Mar-22,17:15,Credit card
276-75-6884,Hawally,Normal,Female,Health and beauty,68.71,3,10.3065,216.4365,01-Mar-22,10:05,Credit card
649-11-3678,Aljahra,Normal,Female,Food and beverages,22.93,9,10.3185,216.6885,04-Mar-22,20:26,Knet
354-39-5160,Hawally,Member,Female,Home and lifestyle,34.42,6,10.326,216.846,28-Mar-22,15:39,Knet
291-55-6563,Hawally,Member,Female,Home and lifestyle,34.42,6,10.326,216.846,30-Mar-22,02:00,Knet
127-47-6963,Hawally,Normal,Male,Health and beauty,51.71,4,10.342,217.182,07-Mar-22,13:53,Knet
777-67-2495,Farwaniya,Normal,Female,Home and lifestyle,68.97,3,10.3455,217.2555,30-Mar-22,11:26,Knet
749-24-1565,Hawally,Normal,Female,Health and beauty,23.03,9,10.3635,217.6335,31-Mar-22,12:02,Credit card
891-58-8335,Farwaniya,Member,Female,Sports and travel,29.61,7,10.3635,217.6335,23-Mar-22,15:53,Credit card
551-21-3069,Aljahra,Normal,Female,Electronic accessories,23.07,9,10.3815,218.0115,01-Mar-22,11:27,Knet
704-20-4138,Aljahra,Member,Female,Health and beauty,29.67,7,10.3845,218.0745,02-Mar-22,18:58,Knet
457-12-0244,Aljahra,Member,Female,Sports and travel,35.22,6,10.566,221.886,30-Mar-22,13:49,Knet
365-16-4334,Aljahra,Normal,Female,Food and beverages,26.43,8,10.572,222.012,30-Mar-22,14:26,Knet
366-43-6862,Farwaniya,Normal,Male,Electronic accessories,52.89,4,10.578,222.138,01-Mar-22,16:32,Knet
716-39-1409,Farwaniya,Normal,Male,Health and beauty,30.35,7,10.6225,223.0725,31-Mar-22,18:19,Credit card
717-96-4189,Aljahra,Normal,Female,Electronic accessories,35.49,6,10.647,223.587,27-Mar-22,12:40,Credit card
226-71-3580,Aljahra,Normal,Female,Sports and travel,23.75,9,10.6875,224.4375,30-Mar-22,12:02,Knet
544-55-9589,Farwaniya,Member,Female,Electronic accessories,21.43,10,10.715,225.015,31-Mar-22,11:51,Knet
209-61-0206,Hawally,Normal,Female,Home and lifestyle,42.91,5,10.7275,225.2775,31-Mar-22,17:29,Knet
420-97-3340,Hawally,Normal,Female,Food and beverages,71.68,3,10.752,225.792,30-Mar-22,15:30,Knet
218-59-9410,Hawally,Member,Female,Home and lifestyle,72.42,3,10.863,228.123,29-Mar-22,02:04,Knet
662-47-5456,Aljahra,Member,Male,Health and beauty,35.19,6,17.595,228.735,29-Mar-22,19:06,Credit card
526-86-8552,Aljahra,Member,Female,Home and lifestyle,21.82,10,10.91,229.11,25-Mar-22,17:36,Credit card
576-31-4774,Aljahra,Normal,Female,Health and beauty,73.41,3,11.0115,231.2415,29-Mar-22,13:10,Knet
755-12-3214,Aljahra,Member,Female,Health and beauty,44.22,5,11.055,232.155,31-Mar-22,17:07,Knet
156-95-3964,Hawally,Normal,Female,Food and beverages,55.39,4,11.078,232.638,25-Mar-22,15:19,Knet
787-87-2010,Hawally,Member,Female,Health and beauty,55.5,4,11.1,233.1,30-Mar-22,15:48,Knet
554-53-3790,Farwaniya,Normal,Male,Sports and travel,37.02,6,11.106,233.226,02-Mar-22,18:33,Knet
447-15-7839,Hawally,Member,Female,Sports and travel,22.24,10,11.12,233.52,20-Mar-22,11:00,Credit card
162-48-8011,Hawally,Member,Female,Food and beverages,44.59,5,11.1475,234.0975,31-Mar-22,15:10,Credit card
848-62-7243,Hawally,Normal,Male,Health and beauty,24.89,9,11.2005,235.2105,30-Mar-22,15:36,Knet
151-27-8496,Aljahra,Normal,Female,Electronic accessories,56.13,4,11.226,235.746,23-Mar-22,11:43,Knet
609-81-8548,Hawally,Member,Female,Home and lifestyle,37.44,6,11.232,235.872,30-Mar-22,13:55,Knet
256-08-8343,Hawally,Normal,Female,Home and lifestyle,56.53,4,11.306,237.426,01-Mar-22,19:48,Knet
149-14-0304,Aljahra,Member,Female,Health and beauty,28.5,8,11.4,239.4,02-Mar-22,14:24,Knet
801-88-0346,Aljahra,Normal,Female,Health and beauty,76.06,3,11.409,239.589,29-Mar-22,20:30,Credit card
857-67-9057,Farwaniya,Normal,Male,Electronic accessories,22.95,10,11.475,240.975,31-Mar-22,19:20,Credit card
542-41-0513,Farwaniya,Member,Female,Electronic accessories,57.49,4,11.498,241.458,30-Mar-22,11:57,Knet
271-77-8740,Aljahra,Member,Female,Sports and travel,29.22,8,8.766,242.526,26-Mar-22,01:04,Knet
284-34-9626,Farwaniya,Normal,Female,Home and lifestyle,77.04,3,11.556,242.676,31-Mar-22,10:39,Knet
809-46-1866,Hawally,Normal,Male,Health and beauty,58.15,4,11.63,244.23,20-Mar-22,00:00,Knet
655-07-2265,Hawally,Normal,Male,Electronic accessories,78.31,3,11.7465,246.6765,01-Mar-22,16:38,Knet
190-59-3964,Farwaniya,Member,Male,Food and beverages,47.16,5,11.79,247.59,31-Mar-22,14:35,Credit card
888-02-0338,Hawally,Normal,Male,Electronic accessories,26.23,9,11.8035,247.8735,05-Mar-22,20:24,Credit card
110-05-6330,Aljahra,Normal,Female,Food and beverages,39.43,6,11.829,248.409,30-Mar-22,20:18,Knet
799-71-1548,Hawally,Member,Male,Electronic accessories,77.72,3,15.544,248.704,26-Mar-22,16:11,Knet
124-31-1458,Hawally,Member,Female,Electronic accessories,79.59,3,11.9385,250.7085,29-Mar-22,14:30,Knet
182-88-2763,Farwaniya,Member,Male,Food and beverages,79.91,3,11.9865,251.7165,01-Mar-22,19:28,Knet
307-83-9164,Hawally,Member,Male,Home and lifestyle,60.01,4,12.002,252.042,01-Mar-22,15:54,Knet
531-56-4728,Hawally,Normal,Male,Home and lifestyle,80.08,3,12.012,252.252,29-Mar-22,15:29,Credit card
133-77-3154,Farwaniya,Member,Male,Health and beauty,60.18,4,12.036,252.756,21-Mar-22,18:04,Credit card
777-82-7220,Farwaniya,Member,Male,Home and lifestyle,30.12,8,12.048,253.008,28-Mar-22,13:01,Knet
458-61-0011,Farwaniya,Normal,Male,Food and beverages,60.3,4,12.06,253.26,31-Mar-22,18:43,Knet
541-89-9860,Aljahra,Member,Female,Health and beauty,80.48,3,12.072,253.512,26-Mar-22,12:31,Knet
324-41-6833,Aljahra,Member,Female,Electronic accessories,30.2,8,12.08,253.68,05-Mar-22,11:01,Knet
845-51-0542,Farwaniya,Member,Male,Food and beverages,46.55,5,20.9475,253.6975,28-Mar-22,15:34,Knet
584-86-7256,Aljahra,Member,Male,Sports and travel,34.56,7,12.096,254.016,25-Mar-22,16:07,Credit card
565-67-6697,Farwaniya,Member,Male,Home and lifestyle,27,9,12.15,255.15,01-Mar-22,14:16,Credit card
195-06-0432,Hawally,Member,Male,Home and lifestyle,81.01,3,12.1515,255.1815,27-Mar-22,12:55,Knet
360-39-5055,Aljahra,Member,Male,Sports and travel,48.91,5,12.2275,256.7775,06-Mar-22,10:17,Knet
864-24-7918,Hawally,Member,Female,Sports and travel,24.49,10,12.245,257.145,30-Mar-22,07:01,Knet
793-10-3222,Farwaniya,Member,Female,Health and beauty,41.06,6,12.318,258.678,31-Mar-22,13:30,Knet
740-11-5257,Aljahra,Normal,Male,Electronic accessories,24.74,10,12.37,259.77,01-Mar-22,16:44,Knet
826-58-8051,Farwaniya,Normal,Male,Home and lifestyle,62.19,4,12.438,261.198,23-Mar-22,19:46,Credit card
198-84-7132,Farwaniya,Member,Male,Health and beauty,40.61,6,18.2745,261.9345,08-Mar-22,13:40,Credit card
712-39-0363,Hawally,Member,Male,Food and beverages,41.66,6,12.498,262.458,28-Mar-22,01:04,Knet
636-17-0325,Farwaniya,Normal,Male,Health and beauty,62.57,4,12.514,262.794,01-Mar-22,18:37,Knet
307-85-2293,Farwaniya,Normal,Male,Home and lifestyle,50.28,5,12.57,263.97,31-Mar-22,13:58,Knet
574-80-1489,Aljahra,Member,Female,Food and beverages,62.85,4,12.57,263.97,16-Mar-22,13:22,Knet
740-22-2500,Aljahra,Normal,Female,Electronic accessories,84.05,3,12.6075,264.7575,04-Mar-22,13:29,Knet
382-25-8917,Aljahra,Normal,Male,Health and beauty,42.08,6,12.624,265.104,21-Mar-22,12:25,Credit card
345-68-9016,Aljahra,Member,Female,Sports and travel,31.67,8,12.668,266.028,25-Mar-22,16:19,Credit card
449-16-6770,Hawally,Normal,Male,Health and beauty,50.79,5,12.6975,266.6475,07-Mar-22,07:22,Knet
288-38-3758,Aljahra,Member,Female,Health and beauty,84.87,3,12.7305,267.3405,28-Mar-22,18:30,Knet
470-32-9057,Hawally,Member,Male,Food and beverages,51.34,5,12.835,269.535,01-Mar-22,15:31,Knet
797-88-0493,Hawally,Normal,Female,Health and beauty,64.27,4,12.854,269.934,30-Mar-22,13:54,Knet
235-06-8510,Aljahra,Member,Male,Home and lifestyle,85.72,3,12.858,270.018,01-Mar-22,20:59,Knet
592-46-1692,Aljahra,Member,Female,Food and beverages,36.77,7,12.8695,270.2595,01-Mar-22,20:10,Credit card
539-21-7227,Farwaniya,Normal,Female,Sports and travel,51.54,5,12.885,270.585,04-Mar-22,15:04,Credit card
852-82-2749,Hawally,Normal,Male,Sports and travel,64.59,4,12.918,271.278,31-Mar-22,13:35,Knet
875-46-5808,Farwaniya,Member,Male,Health and beauty,25.9,10,12.95,271.95,01-Mar-22,14:51,Knet
211-05-0490,Aljahra,Member,Female,Electronic accessories,51.92,5,12.98,272.58,01-Mar-22,13:42,Knet
238-49-0436,Hawally,Normal,Male,Health and beauty,32.46,8,12.984,272.664,23-Mar-22,13:48,Knet
440-59-5691,Aljahra,Member,Female,Health and beauty,37.15,7,13.0025,273.0525,01-Mar-22,13:12,Knet
342-65-4817,Aljahra,Member,Male,Health and beauty,86.8,3,13.02,273.42,18-Mar-22,16:47,Credit card
641-96-3695,Aljahra,Member,Female,Health and beauty,43.46,6,13.038,273.798,29-Mar-22,17:55,Credit card
472-15-9636,Hawally,Normal,Male,Home and lifestyle,50.93,5,20.372,275.022,01-Mar-22,19:36,Knet
380-94-4661,Aljahra,Member,Male,Electronic accessories,65.94,4,13.188,276.948,20-Mar-22,13:05,Knet
468-88-0009,Hawally,Member,Male,Home and lifestyle,65.94,4,13.188,276.948,15-Mar-22,10:29,Knet
371-85-5789,Farwaniya,Normal,Male,Health and beauty,87.98,3,13.197,277.137,22-Mar-22,10:40,Knet
562-12-5430,Hawally,Member,Female,Health and beauty,88.15,3,13.2225,277.6725,24-Mar-22,10:11,Knet
568-90-5112,Aljahra,Normal,Male,Health and beauty,66.14,4,13.228,277.788,21-Mar-22,12:46,Credit card
549-59-1358,Hawally,Member,Male,Sports and travel,88.63,3,13.2945,279.1845,25-Mar-22,17:36,Credit card
720-72-2436,Hawally,Normal,Male,Food and beverages,66.52,4,13.304,279.384,04-Mar-22,04:22,Knet
343-61-3544,Farwaniya,Member,Female,Sports and travel,26.67,10,13.335,280.035,01-Mar-22,11:48,Knet
670-71-7306,Farwaniya,Normal,Male,Sports and travel,44.63,6,13.389,281.169,07-Mar-22,20:08,Knet
882-40-4577,Hawally,Member,Male,Sports and travel,67.26,4,13.452,282.492,01-Mar-22,15:28,Knet
597-78-7908,Aljahra,Normal,Male,Health and beauty,90.22,3,13.533,284.193,26-Mar-22,19:39,Knet
832-51-6761,Hawally,Normal,Male,Food and beverages,33.88,8,13.552,284.592,01-Mar-22,20:29,Credit card
316-01-3952,Hawally,Normal,Female,Food and beverages,54.27,5,13.5675,284.9175,01-Mar-22,14:16,Credit card
239-36-3640,Farwaniya,Normal,Male,Electronic accessories,45.35,6,13.605,285.705,29-Mar-22,13:44,Knet
400-80-4065,Aljahra,Member,Male,Health and beauty,68.55,4,13.71,287.91,24-Mar-22,06:22,Knet
425-85-2085,Farwaniya,Member,Male,Health and beauty,54.86,5,13.715,288.015,30-Mar-22,16:48,Knet
824-88-3614,Aljahra,Normal,Male,Health and beauty,34.31,8,13.724,288.204,30-Mar-22,15:00,Knet
430-02-3888,Farwaniya,Normal,Male,Electronic accessories,46.02,6,13.806,289.926,21-Mar-22,15:55,Knet
131-70-8179,Hawally,Member,Female,Health and beauty,92.09,3,13.8135,290.0835,02-Mar-22,02:22,Credit card
235-46-8343,Aljahra,Member,Male,Food and beverages,27.66,10,13.83,290.43,29-Mar-22,11:26,Credit card
244-08-0162,Farwaniya,Normal,Female,Health and beauty,34.21,8,17.105,290.785,31-Mar-22,13:00,Knet
191-10-6171,Farwaniya,Normal,Female,Health and beauty,39.62,7,13.867,291.207,04-Mar-22,13:18,Knet
458-41-1477,Aljahra,Normal,Female,Health and beauty,46.26,6,13.878,291.438,19-Mar-22,17:11,Knet
848-07-1692,Farwaniya,Normal,Female,Health and beauty,57.22,5,5.722,291.822,01-Mar-22,17:13,Knet
302-15-2162,Aljahra,Member,Male,Health and beauty,46.53,6,13.959,293.139,29-Mar-22,10:54,Knet
593-65-1552,Aljahra,Normal,Female,Home and lifestyle,69.81,4,13.962,293.202,30-Mar-22,20:50,Credit card
789-23-8625,Farwaniya,Member,Male,Health and beauty,93.22,3,13.983,293.643,30-Mar-22,11:45,Credit card
689-16-9784,Aljahra,Normal,Male,Food and beverages,46.77,6,14.031,294.651,30-Mar-22,13:37,Knet
144-51-6085,Hawally,Member,Male,Home and lifestyle,70.74,4,14.148,297.108,25-Mar-22,16:05,Knet
409-49-6995,Aljahra,Member,Female,Food and beverages,47.27,6,14.181,297.801,31-Mar-22,10:17,Knet
319-74-2561,Hawally,Member,Female,Electronic accessories,94.64,3,14.196,298.116,26-Mar-22,16:55,Knet
427-45-9297,Farwaniya,Member,Female,Home and lifestyle,40.73,7,14.2555,299.3655,04-Mar-22,11:01,Knet
263-87-5680,Aljahra,Member,Female,Home and lifestyle,28.53,10,14.265,299.565,02-Mar-22,17:38,Credit card
189-08-9157,Aljahra,Normal,Female,Health and beauty,31.73,9,14.2785,299.8485,01-Mar-22,16:17,Credit card
785-96-0615,Farwaniya,Member,Female,Electronic accessories,35.74,8,14.296,300.216,30-Mar-22,15:28,Knet
408-66-6712,Hawally,Member,Female,Health and beauty,47.71,6,14.313,300.573,23-Mar-22,14:19,Knet
847-38-7188,Farwaniya,Normal,Female,Food and beverages,96.68,3,14.502,304.542,02-Mar-22,19:56,Knet
585-11-6748,Farwaniya,Member,Male,Sports and travel,96.8,3,14.52,304.92,16-Mar-22,13:05,Knet
364-34-2972,Aljahra,Member,Male,Electronic accessories,96.82,3,14.523,304.983,23-Mar-22,20:37,Knet
130-67-4723,Hawally,Member,Male,Food and beverages,48.5,6,14.55,305.55,30-Mar-22,13:57,Credit card
308-81-0538,Hawally,Normal,Female,Health and beauty,73.05,4,14.61,306.81,31-Mar-22,17:16,Credit card
274-05-5470,Aljahra,Member,Female,Food and beverages,73.47,4,14.694,308.574,31-Mar-22,18:30,Knet
647-50-1224,Hawally,Normal,Female,Health and beauty,29.42,10,14.71,308.91,02-Mar-22,13:04,Knet
210-67-5886,Aljahra,Member,Female,Health and beauty,98.21,3,14.7315,309.3615,01-Mar-22,10:41,Knet
269-04-5750,Farwaniya,Member,Male,Health and beauty,73.82,4,14.764,310.044,30-Mar-22,18:31,Knet
326-71-2155,Aljahra,Normal,Female,Sports and travel,73.95,4,14.79,310.59,30-Mar-22,10:02,Knet
370-96-0655,Aljahra,Normal,Female,Health and beauty,49.32,6,14.796,310.716,30-Mar-22,13:46,Credit card
695-09-5146,Farwaniya,Member,Female,Food and beverages,98.79,3,14.8185,311.1885,01-Mar-22,20:00,Credit card
846-10-0341,Hawally,Normal,Female,Health and beauty,42.57,7,14.8995,312.8895,19-Mar-22,11:51,Knet
221-25-5073,Hawally,Normal,Female,Food and beverages,74.66,4,14.932,313.572,15-Mar-22,10:39,Knet
459-45-2396,Hawally,Member,Female,Food and beverages,99.6,3,14.94,313.74,26-Mar-22,18:45,Knet
420-04-7590,Farwaniya,Normal,Male,Home and lifestyle,99.7,3,14.955,314.055,31-Mar-22,11:29,Knet
153-58-4872,Aljahra,Member,Female,Food and beverages,74.89,4,14.978,314.538,30-Mar-22,15:32,Knet
558-60-5016,Hawally,Normal,Female,Home and lifestyle,33.3,9,14.985,314.685,26-Mar-22,15:27,Credit card
685-64-1609,Hawally,Member,Female,Health and beauty,30.14,10,15.07,316.47,20-Mar-22,12:28,Credit card
728-88-7867,Aljahra,Member,Female,Home and lifestyle,75.53,4,15.106,317.226,31-Mar-22,15:52,Knet
785-13-7708,Farwaniya,Normal,Male,Food and beverages,73.06,4,25.571,317.811,27-Mar-22,19:06,Knet
811-35-1094,Farwaniya,Member,Female,Electronic accessories,50.45,6,15.135,317.835,28-Mar-22,15:16,Knet
288-62-1085,Hawally,Member,Male,Health and beauty,38.54,8,9.635,317.955,06-Mar-22,13:34,Knet
853-23-2453,Farwaniya,Member,Male,Health and beauty,75.74,4,15.148,318.108,01-Mar-22,14:35,Knet
827-26-2100,Hawally,Member,Male,Home and lifestyle,33.84,9,15.228,319.788,14-Mar-22,16:21,Credit card
588-01-7461,Aljahra,Normal,Female,Food and beverages,33.98,9,15.291,321.111,01-Mar-22,10:43,Credit card
291-21-5991,Farwaniya,Member,Male,Health and beauty,61.29,5,15.3225,321.7725,31-Mar-22,14:28,Knet
796-32-9050,Hawally,Normal,Male,Food and beverages,51.28,6,15.384,323.064,07-Mar-22,16:31,Knet
434-83-9547,Aljahra,Member,Male,Food and beverages,38.47,8,15.388,323.148,31-Mar-22,11:51,Knet
563-91-7120,Hawally,Normal,Female,Health and beauty,61.77,5,15.4425,324.2925,07-Mar-22,13:21,Knet
220-68-6701,Hawally,Normal,Female,Home and lifestyle,77.47,4,15.494,325.374,23-Mar-22,15:01,Knet
443-82-0585,Hawally,Member,Female,Health and beauty,77.68,4,15.536,326.256,04-Mar-22,19:54,Credit card
129-29-8530,Hawally,Member,Male,Sports and travel,62.62,5,15.655,328.755,25-Mar-22,19:15,Credit card
118-62-1812,Aljahra,Member,Female,Home and lifestyle,78.38,4,15.676,329.196,30-Mar-22,17:56,Knet
146-09-5432,Hawally,Member,Male,Food and beverages,35.04,9,15.768,331.128,16-Mar-22,19:17,Knet
110-48-7033,Farwaniya,Member,Male,Health and beauty,32.62,10,6.524,332.724,16-Mar-22,14:12,Knet
608-27-6295,Farwaniya,Member,Male,Electronic accessories,52.89,6,15.867,333.207,12-Mar-22,17:34,Knet
727-17-0390,Hawally,Normal,Female,Food and beverages,63.61,5,15.9025,333.9525,01-Mar-22,12:43,Knet
477-59-2456,Aljahra,Normal,Female,Health and beauty,45.44,7,15.904,333.984,31-Mar-22,11:15,Credit card
843-01-4703,Farwaniya,Member,Female,Home and lifestyle,35.38,9,15.921,334.341,24-Mar-22,19:50,Credit card
374-38-5555,Farwaniya,Normal,Female,Health and beauty,63.71,5,15.9275,334.4775,24-Mar-22,04:00,Knet
101-17-6199,Hawally,Normal,Male,Food and beverages,45.79,7,16.0265,336.5565,01-Mar-22,19:44,Knet
787-56-0757,Aljahra,Member,Female,Food and beverages,80.36,4,16.072,337.512,05-Mar-22,18:45,Knet
246-55-6923,Aljahra,Member,Female,Home and lifestyle,35.79,9,16.1055,338.2155,01-Mar-22,15:06,Knet
676-39-6028,Hawally,Member,Female,Electronic accessories,64.44,5,16.11,338.31,26-Mar-22,17:04,Knet
725-56-0833,Hawally,Normal,Female,Health and beauty,32.32,10,16.16,339.36,23-Mar-22,16:49,Credit card
271-88-8734,Aljahra,Member,Female,Health and beauty,97.21,3,48.605,340.235,05-Mar-22,13:00,Credit card
631-41-3108,Hawally,Normal,Male,Home and lifestyle,46.33,7,16.2155,340.5255,02-Mar-22,13:23,Knet
815-04-6282,Aljahra,Member,Female,Sports and travel,64.97,5,16.2425,341.0925,30-Mar-22,12:52,Knet
834-25-9262,Aljahra,Normal,Female,Health and beauty,81.68,4,16.336,343.056,30-Mar-22,12:12,Knet
810-60-6344,Aljahra,Normal,Female,Electronic accessories,40.86,8,16.344,343.224,30-Mar-22,14:38,Knet
642-30-6693,Farwaniya,Normal,Female,Sports and travel,54.51,6,16.353,343.413,25-Mar-22,03:30,Knet
246-11-3901,Aljahra,Normal,Female,Electronic accessories,32.8,10,16.4,344.4,16-Mar-22,12:12,Credit card
895-03-6665,Farwaniya,Normal,Female,Health and beauty,36.51,9,16.4295,345.0195,06-Mar-22,10:52,Credit card
289-15-7034,Hawally,Member,Male,Sports and travel,82.33,4,16.466,345.786,28-Mar-22,10:37,Knet
490-95-0021,Farwaniya,Member,Female,Food and beverages,33.21,10,16.605,348.705,30-Mar-22,14:25,Knet
498-41-1961,Farwaniya,Normal,Male,Health and beauty,66.68,5,16.67,350.07,31-Mar-22,18:01,Knet
803-83-5989,Aljahra,Normal,Male,Home and lifestyle,55.73,6,16.719,351.099,01-Mar-22,10:55,Knet
563-47-4072,Farwaniya,Normal,Female,Health and beauty,55.81,6,16.743,351.603,31-Mar-22,11:52,Knet
422-29-8786,Hawally,Normal,Female,Home and lifestyle,67.09,5,16.7725,352.2225,22-Mar-22,16:47,Credit card
566-19-5475,Farwaniya,Normal,Male,Health and beauty,47.97,7,16.7895,352.5795,24-Mar-22,20:52,Credit card
149-15-7606,Farwaniya,Member,Male,Sports and travel,37.32,9,16.794,352.674,20-Mar-22,15:31,Knet
598-47-9715,Aljahra,Normal,Male,Electronic accessories,84.07,4,16.814,353.094,29-Mar-22,16:54,Knet
741-73-3559,Farwaniya,Normal,Male,Sports and travel,67.27,5,16.8175,353.1675,11-Mar-22,17:27,Knet
783-09-1637,Farwaniya,Normal,Female,Sports and travel,67.43,5,16.8575,354.0075,30-Mar-22,18:13,Knet
134-54-4720,Farwaniya,Normal,Female,Electronic accessories,42.42,8,16.968,356.328,01-Mar-22,13:58,Knet
283-79-9594,Farwaniya,Normal,Female,Food and beverages,48.51,7,16.9785,356.5485,31-Mar-22,13:30,Credit card
505-02-0892,Farwaniya,Member,Male,Health and beauty,42.57,8,17.028,357.588,04-Mar-22,14:12,Credit card
701-69-8742,Farwaniya,Normal,Male,Sports and travel,34.37,10,17.185,360.885,30-Mar-22,10:11,Knet
500-02-2261,Aljahra,Normal,Female,Food and beverages,57.29,6,17.187,360.927,02-Mar-22,03:22,Knet
355-53-5943,Aljahra,Member,Male,Electronic accessories,68.84,5,17.21,361.41,07-Mar-22,14:36,Knet
894-41-5205,Aljahra,Normal,Female,Food and beverages,43.18,8,17.272,362.712,30-Mar-22,19:39,Knet
234-36-2483,Farwaniya,Normal,Male,Health and beauty,57.59,6,17.277,362.817,23-Mar-22,13:51,Knet
692-27-8933,Farwaniya,Normal,Female,Sports and travel,57.95,6,17.385,365.085,30-Mar-22,18:00,Credit card
509-29-3912,Hawally,Member,Female,Sports and travel,38.72,9,17.424,365.904,25-Mar-22,12:24,Credit card
212-62-1842,Hawally,Normal,Male,Food and beverages,58.26,6,17.478,367.038,30-Mar-22,16:44,Knet
249-42-3782,Hawally,Normal,Male,Health and beauty,70.01,5,17.5025,367.5525,09-Mar-22,11:36,Knet
468-99-7231,Aljahra,Normal,Female,Home and lifestyle,44.01,8,17.604,369.684,27-Mar-22,17:36,Knet
725-67-2480,Hawally,Member,Female,Health and beauty,58.75,6,17.625,370.125,05-Mar-22,18:14,Knet
731-14-2199,Hawally,Member,Female,Home and lifestyle,35.54,10,17.77,373.17,18-Mar-22,13:34,Knet
889-04-9723,Farwaniya,Member,Female,Food and beverages,89.14,4,17.828,374.388,04-Mar-22,12:20,Credit card
397-25-8725,Hawally,Member,Female,Health and beauty,39.62,9,17.829,374.409,30-Mar-22,17:54,Credit card
420-11-4919,Aljahra,Member,Female,Food and beverages,71.39,5,17.8475,374.7975,31-Mar-22,19:57,Knet
533-66-5566,Farwaniya,Normal,Female,Home and lifestyle,51.07,7,17.8745,375.3645,28-Mar-22,11:42,Knet
600-38-9738,Aljahra,Member,Male,Sports and travel,71.92,5,17.98,377.58,30-Mar-22,15:05,Knet
834-61-8124,Hawally,Normal,Male,Electronic accessories,51.69,7,18.0915,379.9215,01-Mar-22,18:22,Knet
484-22-8230,Aljahra,Member,Female,Health and beauty,51.89,7,18.1615,381.3915,26-Mar-22,05:30,Knet
299-29-0180,Farwaniya,Member,Female,Home and lifestyle,52.18,7,18.263,383.523,07-Mar-22,10:54,Credit card
608-96-3517,Farwaniya,Member,Female,Health and beauty,91.54,4,18.308,384.468,24-Mar-22,19:20,Credit card
775-72-1988,Farwaniya,Normal,Male,Home and lifestyle,73.28,5,18.32,384.72,31-Mar-22,15:05,Knet
493-65-6248,Aljahra,Member,Female,Sports and travel,36.98,10,18.49,388.29,19-Mar-22,19:48,Knet
658-66-3967,Aljahra,Normal,Male,Health and beauty,53.19,7,18.6165,390.9465,30-Mar-22,14:04,Knet
630-74-5166,Hawally,Normal,Male,Sports and travel,62.13,6,18.639,391.419,31-Mar-22,20:19,Knet
603-07-0961,Aljahra,Member,Male,Electronic accessories,74.79,5,18.6975,392.6475,01-Mar-22,11:34,Knet
632-90-0281,Aljahra,Normal,Female,Health and beauty,37.55,10,18.775,394.275,04-Mar-22,20:01,Credit card
559-98-9873,Hawally,Member,Female,Health and beauty,53.65,7,18.7775,394.3275,28-Mar-22,09:30,Credit card
132-32-9879,Farwaniya,Member,Female,Electronic accessories,93.96,4,18.792,394.632,31-Mar-22,18:00,Knet
719-76-3868,Aljahra,Member,Male,Food and beverages,94.26,4,18.852,395.892,11-Mar-22,16:30,Knet
369-82-2676,Farwaniya,Normal,Male,Electronic accessories,75.66,5,18.915,397.215,30-Mar-22,18:22,Knet
749-81-8133,Hawally,Normal,Female,Health and beauty,94.67,4,18.934,397.614,29-Mar-22,12:04,Knet
501-61-1753,Farwaniya,Normal,Female,Home and lifestyle,63.15,6,18.945,397.845,30-Mar-22,20:24,Knet
534-53-3526,Hawally,Normal,Female,Sports and travel,94.76,4,18.952,397.992,25-Mar-22,16:06,Credit card
173-82-9529,Farwaniya,Normal,Female,Health and beauty,37.95,10,18.975,398.475,27-Mar-22,14:51,Credit card
595-27-4851,Hawally,Normal,Female,Health and beauty,54.28,7,18.998,398.958,01-Mar-22,18:05,Knet
530-90-9855,Hawally,Member,Male,Home and lifestyle,47.59,8,19.036,399.756,06-Mar-22,14:47,Knet
376-56-3573,Aljahra,Normal,Female,Health and beauty,95.42,4,19.084,400.764,26-Mar-22,13:23,Knet
707-32-7409,Farwaniya,Member,Female,Sports and travel,95.54,4,19.108,401.268,25-Mar-22,11:58,Knet
711-31-1234,Farwaniya,Normal,Female,Electronic accessories,95.64,4,19.128,401.688,23-Mar-22,18:51,Knet
362-58-8315,Aljahra,Normal,Male,Health and beauty,76.52,5,19.13,401.73,30-Mar-22,10:23,Credit card
115-99-4379,Farwaniya,Member,Female,Health and beauty,54.73,7,19.1555,402.2655,30-Mar-22,19:02,Credit card
869-11-3082,Farwaniya,Member,Male,Health and beauty,96.16,4,19.232,403.872,30-Mar-22,20:03,Knet
566-71-1091,Hawally,Normal,Male,Health and beauty,77.02,5,19.255,404.355,16-Mar-22,13:00,Knet
266-20-6657,Aljahra,Member,Male,Food and beverages,55.04,7,19.264,404.544,30-Mar-22,19:39,Knet
374-17-3652,Farwaniya,Member,Female,Food and beverages,42.82,9,19.269,404.649,01-Mar-22,20:00,Knet
726-27-2396,Hawally,Normal,Female,Health and beauty,77.5,5,19.375,406.875,31-Mar-22,20:36,Knet
595-86-2894,Aljahra,Member,Male,Health and beauty,96.98,4,19.396,407.316,26-Mar-22,17:20,Credit card
778-34-2523,Hawally,Member,Female,Electronic accessories,48.62,8,19.448,408.408,01-Mar-22,10:57,Credit card
210-74-9613,Aljahra,Normal,Male,Health and beauty,97.26,4,19.452,408.492,06-Mar-22,15:33,Knet
733-29-1227,Aljahra,Normal,Male,Home and lifestyle,55.61,7,19.4635,408.7335,21-Mar-22,12:41,Knet
276-54-0879,Farwaniya,Normal,Male,Sports and travel,97.74,4,19.548,410.508,09-Mar-22,19:53,Knet
433-75-6987,Farwaniya,Member,Female,Health and beauty,55.97,7,19.5895,411.3795,31-Mar-22,22:00,Knet
200-40-6154,Farwaniya,Member,Male,Home and lifestyle,65.91,6,19.773,415.233,18-Mar-22,11:45,Knet
213-32-1216,Hawally,Normal,Female,Electronic accessories,66.06,6,19.818,416.178,05-Mar-22,16:04,Credit card
183-56-6882,Aljahra,Member,Female,Food and beverages,99.42,4,19.884,417.564,23-Mar-22,10:42,Credit card
548-46-9322,Farwaniya,Normal,Male,Food and beverages,39.9,10,19.95,418.95,02-Mar-22,15:24,Knet
659-36-1684,Aljahra,Member,Male,Sports and travel,57.12,7,19.992,419.832,30-Mar-22,12:02,Knet
316-55-4634,Farwaniya,Member,Male,Food and beverages,80.05,5,20.0125,420.2625,10-Mar-22,12:45,Knet
286-75-7818,Farwaniya,Normal,Male,Health and beauty,69.08,6,6.908,421.388,21-Mar-22,19:48,Knet
807-34-3742,Hawally,Normal,Male,Health and beauty,52.38,8,2.619,421.659,05-Mar-22,19:44,Knet
380-60-5336,Hawally,Normal,Female,Electronic accessories,40.26,10,20.13,422.73,29-Mar-22,18:06,Credit card
139-20-0155,Farwaniya,Member,Male,Electronic accessories,40.3,10,20.15,423.15,30-Mar-22,17:37,Credit card
377-79-7592,Aljahra,Member,Female,Electronic accessories,44.84,9,20.178,423.738,17-Mar-22,14:00,Knet
728-47-9078,Aljahra,Member,Male,Food and beverages,59.59,7,11.918,429.048,19-Mar-22,12:46,Knet
503-07-0930,Aljahra,Member,Male,Sports and travel,58.39,7,20.4365,429.1665,31-Mar-22,19:49,Knet
837-55-7229,Farwaniya,Normal,Female,Health and beauty,47.44,9,2.372,429.332,25-Mar-22,18:19,Knet
834-83-1826,Farwaniya,Member,Female,Home and lifestyle,82.04,5,20.51,430.71,31-Mar-22,17:16,Knet
522-57-8364,Hawally,Member,Male,Health and beauty,51.34,8,20.536,431.256,25-Mar-22,10:00,Credit card
709-58-4068,Farwaniya,Normal,Female,Health and beauty,41.09,10,20.545,431.445,21-Mar-22,14:42,Credit card
420-18-8989,Hawally,Member,Female,Sports and travel,51.52,8,20.608,432.768,18-Mar-22,15:47,Knet
497-37-6538,Hawally,Normal,Male,Sports and travel,58.91,7,20.6185,432.9885,30-Mar-22,04:22,Knet
851-98-3555,Farwaniya,Normal,Female,Health and beauty,82.88,5,20.72,435.12,05-Mar-22,14:08,Knet
354-25-5821,Farwaniya,Member,Female,Sports and travel,69.12,6,20.736,435.456,31-Mar-22,13:03,Knet
732-94-0499,Aljahra,Normal,Female,Electronic accessories,41.65,10,20.825,437.325,31-Mar-22,17:04,Knet
389-70-2397,Aljahra,Normal,Female,Health and beauty,83.66,5,20.915,439.215,07-Mar-22,09:00,Credit card
123-35-4896,Aljahra,Normal,Female,Sports and travel,46.66,9,20.997,440.937,19-Mar-22,15:30,Credit card
109-86-4363,Farwaniya,Member,Female,Sports and travel,60.08,7,21.028,441.588,30-Mar-22,11:36,Knet
730-70-9830,Aljahra,Normal,Female,Home and lifestyle,70.11,6,21.033,441.693,20-Mar-22,17:54,Knet
227-03-5010,Hawally,Member,Female,Home and lifestyle,52.59,8,21.036,441.756,26-Mar-22,19:20,Knet
778-89-7974,Aljahra,Normal,Male,Health and beauty,70.21,6,21.063,442.323,01-Mar-22,14:58,Knet
781-84-8059,Aljahra,Normal,Female,Health and beauty,60.74,7,21.259,446.439,30-Mar-22,16:23,Knet
499-27-7781,Farwaniya,Normal,Female,Food and beverages,53.21,8,21.284,446.964,30-Mar-22,16:45,Credit card
316-66-3011,Hawally,Member,Female,Food and beverages,47.63,9,21.4335,450.1035,24-Mar-22,12:35,Credit card
550-84-8664,Hawally,Normal,Female,Sports and travel,85.91,5,21.4775,451.0275,01-Mar-22,14:33,Knet
426-39-2418,Aljahra,Normal,Male,Electronic accessories,61.41,7,21.4935,451.3635,31-Mar-22,10:02,Knet
300-71-4605,Aljahra,Member,Male,Electronic accessories,86.04,5,21.51,451.71,21-Mar-22,11:24,Knet
405-31-3305,Hawally,Member,Male,Health and beauty,43.13,10,21.565,452.865,07-Mar-22,18:31,Knet
373-73-7910,Hawally,Normal,Male,Sports and travel,86.31,5,21.5775,453.1275,05-Mar-22,10:37,Knet
252-56-2699,Hawally,Normal,Male,Food and beverages,43.19,10,21.595,453.495,03-Mar-22,22:15,Credit card
401-09-4232,Aljahra,Member,Male,Home and lifestyle,86.69,5,21.6725,455.1225,30-Mar-22,09:01,Credit card
468-01-2051,Farwaniya,Normal,Male,Food and beverages,62.08,7,21.728,456.288,30-Mar-22,13:46,Knet
327-40-9673,Farwaniya,Member,Male,Sports and travel,72.6,6,21.78,457.38,26-Mar-22,19:51,Knet
765-26-6951,Hawally,Normal,Male,Sports and travel,72.61,6,21.783,457.443,18-Mar-22,10:39,Knet
800-09-8606,Hawally,Member,Female,Home and lifestyle,87.37,5,21.8425,458.6925,29-Mar-22,01:25,Knet
462-67-9126,Hawally,Normal,Male,Home and lifestyle,73.22,6,21.966,461.286,28-Mar-22,17:44,Knet
333-73-7901,Aljahra,Normal,Female,Health and beauty,54.92,8,21.968,461.328,27-Mar-22,13:24,Credit card
840-19-2096,Aljahra,Member,Male,Electronic accessories,87.91,5,21.9775,461.5275,27-Mar-22,18:10,Credit card
828-61-5674,Hawally,Member,Male,Sports and travel,44.02,10,22.01,462.21,28-Mar-22,19:57,Knet
759-29-9521,Hawally,Member,Female,Health and beauty,48.96,9,22.032,462.672,29-Mar-22,13:01,Knet
263-10-3913,Aljahra,Member,Male,Health and beauty,49.04,9,22.068,463.428,01-Mar-22,14:20,Knet
145-94-9061,Farwaniya,Normal,Female,Food and beverages,88.36,5,22.09,463.89,29-Mar-22,19:48,Knet
407-63-8975,Hawally,Normal,Male,Food and beverages,73.88,6,22.164,465.444,17-Mar-22,19:16,Knet
886-18-2897,Hawally,Normal,Female,Food and beverages,56.56,8,14.14,466.62,29-Mar-22,09:00,Credit card
760-90-2357,Hawally,Member,Male,Electronic accessories,74.51,6,22.353,469.413,30-Mar-22,15:08,Credit card
361-85-2571,Hawally,Normal,Female,Sports and travel,89.48,5,22.37,469.77,01-Mar-22,10:18,Knet
891-01-7034,Farwaniya,Normal,Female,Electronic accessories,74.71,6,22.413,470.673,30-Mar-22,19:07,Knet
752-23-3760,Aljahra,Member,Female,Sports and travel,64.08,7,22.428,470.988,30-Mar-22,19:29,Knet
458-10-8612,Aljahra,Normal,Male,Health and beauty,64.08,7,22.428,470.988,30-Mar-22,12:27,Knet
130-98-8941,Aljahra,Normal,Male,Health and beauty,64.26,7,22.491,472.311,30-Mar-22,10:00,Knet
268-27-6179,Farwaniya,Member,Female,Health and beauty,56.47,8,22.588,474.348,30-Mar-22,14:57,Credit card
577-34-7579,Aljahra,Member,Male,Food and beverages,50.49,9,22.7205,477.1305,20-Mar-22,17:16,Credit card
811-03-8790,Aljahra,Normal,Female,Electronic accessories,45.48,10,22.74,477.54,31-Mar-22,10:22,Knet
841-35-6630,Aljahra,Normal,Female,Electronic accessories,75.91,6,22.773,478.233,01-Mar-22,18:21,Knet
809-69-9497,Hawally,Normal,Female,Home and lifestyle,45.68,10,22.84,479.64,06-Mar-22,06:22,Knet
719-89-8991,Hawally,Member,Female,Sports and travel,91.41,5,22.8525,479.9025,30-Mar-22,16:03,Knet
102-77-2261,Aljahra,Member,Female,Health and beauty,65.31,7,22.8585,480.0285,30-Mar-22,18:02,Knet
782-95-9291,Hawally,Member,Male,Food and beverages,92.29,5,23.0725,484.5225,29-Mar-22,15:55,Credit card
142-63-6033,Farwaniya,Normal,Male,Home and lifestyle,92.36,5,23.09,484.89,29-Mar-22,19:17,Credit card
122-61-9553,Aljahra,Normal,Female,Electronic accessories,51.32,9,23.094,484.974,31-Mar-22,19:33,Knet
318-68-5053,Farwaniya,Normal,Female,Health and beauty,76.99,6,23.097,485.037,25-Mar-22,17:55,Knet
607-76-6216,Aljahra,Member,Female,Health and beauty,92.49,5,23.1225,485.5725,26-Mar-22,11:00,Knet
114-35-5271,Farwaniya,Normal,Female,Electronic accessories,57.91,8,23.164,486.444,25-Mar-22,10:00,Knet
325-90-8763,Aljahra,Member,Female,Electronic accessories,46.57,10,23.285,488.985,01-Mar-22,13:58,Knet
239-10-7476,Hawally,Normal,Female,Home and lifestyle,77.95,6,23.385,491.085,18-Mar-22,16:37,Credit card
871-79-8483,Farwaniya,Normal,Male,Health and beauty,94.13,5,23.5325,494.1825,31-Mar-22,19:39,Credit card
474-33-8305,Aljahra,Member,Male,Health and beauty,67.39,7,23.5865,495.3165,06-Mar-22,12:01,Knet
372-62-5264,Aljahra,Normal,Female,Food and beverages,52.6,9,23.67,497.07,06-Mar-22,01:12,Knet
201-63-8275,Aljahra,Member,Female,Sports and travel,67.99,7,23.7965,499.7265,27-Mar-22,16:50,Knet
532-59-7201,Farwaniya,Member,Male,Sports and travel,79.93,6,23.979,503.559,01-Mar-22,14:04,Knet
160-22-2687,Hawally,Member,Female,Health and beauty,95.95,5,23.9875,503.7375,05-Mar-22,16:04,Knet
626-43-7888,Aljahra,Normal,Female,Health and beauty,60.41,8,24.164,507.444,26-Mar-22,12:23,Credit card
667-23-5919,Hawally,Member,Female,Health and beauty,96.7,5,24.175,507.675,23-Mar-22,12:52,Credit card
786-94-2700,Hawally,Member,Male,Food and beverages,80.62,6,24.186,507.906,30-Mar-22,20:18,Knet
416-13-5917,Aljahra,Normal,Female,Food and beverages,97.03,5,24.2575,509.4075,30-Mar-22,00:00,Knet
689-05-1884,Hawally,Member,Male,Health and beauty,48.63,10,24.315,510.615,04-Mar-22,12:44,Knet
394-41-0748,Aljahra,Member,Female,Health and beauty,54.07,9,24.3315,510.9615,24-Mar-22,14:55,Knet
105-31-1824,Hawally,Member,Male,Sports and travel,69.52,7,24.332,510.972,08-Mar-22,15:10,Knet
616-87-0016,Farwaniya,Normal,Male,Health and beauty,95.54,5,33.439,511.139,24-Mar-22,14:36,Credit card
483-71-1164,Aljahra,Normal,Female,Health and beauty,81.3,6,24.39,512.19,25-Mar-22,16:43,Credit card
582-52-8065,Farwaniya,Normal,Female,Health and beauty,54.31,9,24.4395,513.2295,29-Mar-22,18:04,Knet
624-01-8356,Farwaniya,Normal,Female,Home and lifestyle,49.01,10,24.505,514.605,29-Mar-22,10:44,Knet
534-01-4457,Hawally,Normal,Male,Food and beverages,81.71,6,24.513,514.773,01-Mar-22,14:36,Knet
718-57-9773,Aljahra,Normal,Female,Sports and travel,49.33,10,24.665,517.965,30-Mar-22,01:25,Knet
347-34-2234,Farwaniya,Member,Female,Sports and travel,55.07,9,24.7815,520.4115,30-Mar-22,13:40,Knet
552-44-5977,Farwaniya,Member,Female,Health and beauty,62,8,24.8,520.8,26-Mar-22,06:00,Credit card
733-01-9107,Farwaniya,Normal,Male,Home and lifestyle,82.7,6,24.81,521.01,01-Mar-22,18:14,Credit card
868-52-7573,Farwaniya,Normal,Female,Food and beverages,99.69,5,24.9225,523.3725,30-Mar-22,12:09,Knet
815-11-1168,Hawally,Member,Male,Food and beverages,99.78,5,24.945,523.845,10-Mar-22,19:09,Knet
451-28-5717,Aljahra,Member,Female,Home and lifestyle,83.17,6,24.951,523.971,01-Mar-22,11:23,Knet
857-16-3520,Hawally,Member,Female,Health and beauty,71.46,7,25.011,525.231,30-Mar-22,16:06,Knet
186-79-9562,Aljahra,Normal,Male,Health and beauty,71.77,7,25.1195,527.5095,31-Mar-22,14:06,Knet
767-05-1286,Aljahra,Member,Female,Home and lifestyle,83.77,6,25.131,527.751,05-Mar-22,12:10,Credit card
365-64-0515,Aljahra,Normal,Female,Electronic accessories,46.95,11,11.7375,528.1875,13-Mar-22,21:15,Credit card
862-17-9201,Farwaniya,Normal,Female,Food and beverages,84.05,6,25.215,529.515,30-Mar-22,10:48,Knet
411-77-0180,Hawally,Member,Male,Electronic accessories,72.2,7,25.27,530.67,30-Mar-22,20:14,Knet
721-86-6247,Hawally,Normal,Female,Home and lifestyle,63.42,8,25.368,532.728,01-Mar-22,12:55,Knet
227-78-1148,Farwaniya,Normal,Female,Health and beauty,72.84,7,25.494,535.374,30-Mar-22,12:44,Knet
370-41-7321,Farwaniya,Member,Male,Health and beauty,56.69,9,25.5105,535.7205,01-Mar-22,17:24,Knet
410-67-1709,Hawally,Member,Female,Health and beauty,63.88,8,25.552,536.592,28-Mar-22,17:48,Credit card
336-78-2147,Aljahra,Member,Male,Home and lifestyle,63.91,8,25.564,536.844,01-Mar-22,19:52,Credit card
196-01-2849,Aljahra,Member,Female,Health and beauty,73.38,7,25.683,539.343,05-Mar-22,13:56,Knet
408-26-9866,Aljahra,Normal,Female,Sports and travel,73.98,7,25.893,543.753,30-Mar-22,16:42,Knet
241-72-9525,Farwaniya,Normal,Male,Sports and travel,51.91,10,25.955,545.055,29-Mar-22,12:21,Knet
157-13-5295,Hawally,Member,Male,Health and beauty,51.94,10,25.97,545.37,31-Mar-22,18:24,Knet
404-91-5964,Hawally,Normal,Male,Electronic accessories,74.58,7,26.103,548.163,29-Mar-22,00:22,Knet
154-87-7367,Aljahra,Normal,Male,Home and lifestyle,65.26,8,26.104,548.184,31-Mar-22,14:04,Credit card
308-47-4913,Hawally,Member,Female,Sports and travel,52.26,10,26.13,548.73,29-Mar-22,12:45,Credit card
645-44-1170,Hawally,Member,Male,Home and lifestyle,58.07,9,26.1315,548.7615,31-Mar-22,20:07,Knet
210-57-1719,Farwaniya,Normal,Female,Health and beauty,58.24,9,26.208,550.368,30-Mar-22,19:04,Knet
590-83-4591,Farwaniya,Member,Male,Electronic accessories,87.45,6,26.235,550.935,07-Mar-22,14:40,Knet
358-88-9262,Aljahra,Member,Female,Food and beverages,87.48,6,26.244,551.124,01-Mar-22,18:43,Knet
538-22-0304,Aljahra,Normal,Male,Electronic accessories,64.95,8,32.475,552.075,30-Mar-22,18:27,Knet
704-11-6354,Hawally,Member,Male,Home and lifestyle,58.9,9,23.56,553.66,15-Mar-22,11:23,Credit card
541-08-3113,Aljahra,Normal,Male,Food and beverages,65.97,8,26.388,554.148,15-Mar-22,20:29,Credit card
866-70-2814,Farwaniya,Normal,Female,Electronic accessories,52.79,10,26.395,554.295,04-Mar-22,15:04,Knet
438-23-1242,Farwaniya,Normal,Male,Electronic accessories,75.88,7,26.558,557.718,28-Mar-22,10:38,Knet
166-19-2553,Hawally,Member,Male,Sports and travel,89.06,6,26.718,561.078,01-Mar-22,17:26,Knet
725-32-9708,Farwaniya,Member,Female,Health and beauty,68.71,8,13.742,563.422,31-Mar-22,19:01,Knet
873-95-4984,Farwaniya,Member,Female,Health and beauty,76.9,7,26.915,565.215,01-Mar-22,23:00,Knet
862-59-8517,Aljahra,Normal,Female,Food and beverages,90.24,6,27.072,568.512,24-Mar-22,11:17,Credit card
827-44-5872,Farwaniya,Member,Female,Food and beverages,54.36,10,27.18,570.78,30-Mar-22,11:28,Credit card
466-61-5506,Farwaniya,Member,Female,Electronic accessories,90.7,6,27.21,571.41,31-Mar-22,10:52,Knet
878-30-2331,Aljahra,Member,Female,Sports and travel,54.55,10,27.275,572.775,30-Mar-22,11:22,Knet
272-65-1806,Hawally,Normal,Female,Electronic accessories,60.88,9,27.396,575.316,26-Mar-22,17:17,Knet
663-86-9076,Aljahra,Member,Female,Food and beverages,68.54,8,27.416,575.736,02-Mar-22,15:57,Knet
541-48-8554,Hawally,Normal,Male,Sports and travel,60.95,9,27.4275,575.9775,04-Mar-22,14:04,Knet
433-08-7822,Aljahra,Normal,Female,Health and beauty,78.89,7,27.6115,579.8415,30-Mar-22,19:48,Credit card
802-70-5316,Hawally,Member,Female,Sports and travel,92.13,6,27.639,580.419,05-Mar-22,20:34,Credit card
660-29-7083,Aljahra,Normal,Male,Electronic accessories,55.87,10,27.935,586.635,25-Mar-22,15:01,Knet
241-11-2261,Farwaniya,Normal,Female,Health and beauty,79.86,7,27.951,586.971,01-Mar-22,10:33,Knet
136-08-6195,Hawally,Normal,Female,Home and lifestyle,69.96,8,27.984,587.664,29-Mar-22,17:01,Knet
423-57-2993,Farwaniya,Normal,Male,Sports and travel,93.39,6,28.017,588.357,29-Mar-22,19:18,Knet
588-47-8641,Aljahra,Member,Male,Health and beauty,56.04,10,28.02,588.42,25-Mar-22,19:30,Knet
299-46-1805,Farwaniya,Member,Female,Sports and travel,93.72,6,28.116,590.436,16-Mar-22,16:19,Credit card
386-27-7606,Aljahra,Member,Female,Home and lifestyle,81.2,7,28.42,596.82,31-Mar-22,15:59,Credit card
314-23-4520,Aljahra,Member,Male,Health and beauty,81.23,7,28.4305,597.0405,27-Mar-22,20:44,Knet
339-96-8318,Farwaniya,Member,Male,Health and beauty,81.31,7,28.4585,597.6285,30-Mar-22,19:49,Knet
262-47-2794,Farwaniya,Member,Male,Home and lifestyle,71.86,8,28.744,603.624,22-Mar-22,15:07,Knet
886-77-9084,Aljahra,Normal,Male,Electronic accessories,71.89,8,28.756,603.876,30-Mar-22,01:22,Knet
406-46-7107,Hawally,Normal,Female,Home and lifestyle,96.52,6,28.956,608.076,23-Mar-22,11:52,Knet
152-08-9985,Farwaniya,Member,Male,Health and beauty,64.36,9,28.962,608.202,29-Mar-22,12:09,Credit card
575-30-8091,Hawally,Normal,Male,Sports and travel,72.5,8,29,609,30-Mar-22,19:25,Credit card
131-15-8856,Aljahra,Member,Female,Food and beverages,72.52,8,29.008,609.168,01-Mar-22,19:26,Knet
731-59-7531,Farwaniya,Member,Male,Health and beauty,72.57,8,29.028,609.588,25-Mar-22,17:58,Knet
887-42-0517,Aljahra,Normal,Female,Sports and travel,83.14,7,29.099,611.079,01-Mar-22,10:31,Knet
109-28-2512,Farwaniya,Member,Female,Health and beauty,97.61,6,29.283,614.943,01-Mar-22,15:01,Knet
137-63-5492,Aljahra,Normal,Male,Electronic accessories,58.76,10,29.38,616.98,15-Mar-22,14:26,Knet
648-94-3045,Hawally,Normal,Male,Health and beauty,58.95,10,29.475,618.975,01-Mar-22,14:27,Credit card
828-46-6863,Hawally,Member,Male,Food and beverages,98.53,6,29.559,620.739,28-Mar-22,11:22,Credit card
651-88-7328,Hawally,Normal,Female,Health and beauty,65.74,9,29.583,621.243,31-Mar-22,13:55,Knet
125-45-2293,Hawally,Normal,Female,Health and beauty,99.1,6,29.73,624.33,19-Mar-22,11:04,Knet
870-72-4431,Aljahra,Normal,Female,Health and beauty,99.19,6,29.757,624.897,02-Mar-22,14:42,Knet
315-22-5665,Aljahra,Normal,Male,Home and lifestyle,73.56,8,36.78,625.26,08-Mar-22,00:12,Knet
379-17-6588,Aljahra,Normal,Male,Health and beauty,59.61,10,29.805,625.905,27-Mar-22,11:07,Knet
477-24-6490,Farwaniya,Normal,Female,Health and beauty,99.71,6,29.913,628.173,23-Mar-22,16:52,Credit card
667-92-0055,Hawally,Member,Male,Health and beauty,99.83,6,29.949,628.929,01-Mar-22,15:02,Credit card
725-54-0677,Aljahra,Member,Male,Health and beauty,85.6,7,29.96,629.16,15-Mar-22,13:50,Knet
641-62-7288,Farwaniya,Normal,Female,Home and lifestyle,99.92,6,29.976,629.496,30-Mar-22,13:33,Knet
672-51-8681,Aljahra,Member,Female,Electronic accessories,66.65,9,29.9925,629.8425,01-Mar-22,18:19,Knet
759-98-4285,Aljahra,Member,Female,Health and beauty,85.87,7,30.0545,631.1445,26-Mar-22,19:01,Knet
430-53-4718,Farwaniya,Member,Female,Health and beauty,75.37,8,30.148,633.108,28-Mar-22,08:00,Knet
305-18-3552,Farwaniya,Member,Male,Home and lifestyle,60.38,10,30.19,633.99,18-Mar-22,16:19,Credit card
632-32-4574,Farwaniya,Normal,Male,Sports and travel,75.92,8,30.368,637.728,22-Mar-22,14:14,Credit card
452-04-8808,Farwaniya,Normal,Male,Electronic accessories,87.08,7,30.478,640.038,28-Mar-22,15:17,Knet
751-69-0068,Aljahra,Normal,Male,Sports and travel,99.24,6,44.658,640.098,18-Mar-22,19:09,Knet
849-09-3807,Hawally,Member,Female,Health and beauty,88.34,7,30.919,649.299,18-Mar-22,13:28,Knet
796-12-2025,Aljahra,Normal,Male,Health and beauty,62.12,10,31.06,652.26,30-Mar-22,16:19,Knet
189-55-2313,Aljahra,Normal,Female,Health and beauty,62.18,10,31.09,652.89,27-Mar-22,19:01,Knet
836-82-5858,Farwaniya,Member,Male,Health and beauty,69.37,9,31.2165,655.5465,01-Mar-22,19:14,Credit card
868-06-0466,Hawally,Member,Male,Electronic accessories,69.58,9,31.311,657.531,24-Mar-22,19:38,Credit card
394-55-6384,Aljahra,Member,Female,Sports and travel,70.19,9,31.5855,663.2955,01-Mar-22,13:38,Knet
347-72-6115,Farwaniya,Member,Female,Sports and travel,90.74,7,31.759,666.939,30-Mar-22,18:03,Knet
648-83-1321,Hawally,Member,Male,Home and lifestyle,63.56,10,31.78,667.38,01-Mar-22,17:59,Knet
326-78-5178,Aljahra,Member,Male,Food and beverages,91.4,7,31.99,671.79,30-Mar-22,10:19,Knet
149-61-1929,Hawally,Normal,Male,Sports and travel,64.19,10,32.095,673.995,31-Mar-22,14:08,Knet
612-36-5536,Hawally,Member,Male,Food and beverages,80.96,8,32.384,680.064,25-Mar-22,11:12,Credit card
400-89-4171,Aljahra,Normal,Female,Sports and travel,80.97,8,32.388,680.148,28-Mar-22,13:05,Credit card
263-12-5321,Hawally,Member,Male,Electronic accessories,92.6,7,32.41,680.61,26-Mar-22,08:22,Knet
222-42-0244,Farwaniya,Member,Female,Health and beauty,72.11,9,32.4495,681.4395,01-Mar-22,13:53,Knet
457-13-1708,Farwaniya,Member,Male,Health and beauty,65.23,10,32.615,684.915,24-Mar-22,19:07,Knet
668-90-8900,Hawally,Normal,Female,Home and lifestyle,93.69,7,32.7915,688.6215,31-Mar-22,18:44,Knet
845-94-6841,Aljahra,Member,Female,Food and beverages,72.88,9,32.796,688.716,18-Mar-22,10:04,Knet
489-82-1237,Hawally,Normal,Female,Electronic accessories,93.88,7,32.858,690.018,26-Mar-22,09:22,Credit card
670-79-6321,Farwaniya,Member,Female,Home and lifestyle,94.59,7,33.1065,695.2365,01-Mar-22,15:27,Credit card
430-60-3493,Hawally,Member,Female,Home and lifestyle,94.88,7,33.208,697.368,01-Mar-22,14:38,Knet
188-55-0967,Farwaniya,Member,Male,Health and beauty,66.47,10,33.235,697.935,30-Mar-22,15:01,Knet
743-88-1662,Aljahra,Normal,Male,Sports and travel,95.49,7,33.4215,701.8515,25-Mar-22,18:17,Knet
640-49-2076,Farwaniya,Normal,Male,Sports and travel,83.78,8,33.512,703.752,29-Mar-22,14:49,Knet
287-21-9091,Hawally,Normal,Male,Home and lifestyle,74.67,9,33.6015,705.6315,30-Mar-22,10:55,Knet
443-59-0061,Hawally,Member,Male,Food and beverages,67.45,10,33.725,708.225,24-Mar-22,11:25,Credit card
850-41-9669,Hawally,Normal,Female,Electronic accessories,75.06,9,33.777,709.317,21-Mar-22,13:25,Credit card
831-81-6575,Farwaniya,Member,Female,Electronic accessories,75.59,9,34.0155,714.3255,30-Mar-22,14:01,Knet
699-14-3026,Aljahra,Normal,Male,Electronic accessories,85.39,8,34.156,717.276,06-Mar-22,18:30,Knet
587-03-7455,Aljahra,Member,Female,Health and beauty,97.79,7,34.2265,718.7565,31-Mar-22,17:30,Knet
338-65-2210,Aljahra,Member,Female,Health and beauty,68.6,10,34.3,720.3,16-Mar-22,19:57,Knet
898-04-2717,Hawally,Normal,Male,Health and beauty,76.4,9,34.38,721.98,01-Mar-22,17:00,Knet
399-46-5918,Aljahra,Normal,Female,Electronic accessories,85.98,8,34.392,722.232,01-Mar-22,19:01,Credit card
253-12-6086,Hawally,Member,Female,Sports and travel,98.4,7,34.44,723.24,22-Mar-22,12:43,Credit card
139-32-4183,Hawally,Member,Female,Sports and travel,97.48,7,43.866,726.226,21-Mar-22,01:00,Knet
435-13-4908,Hawally,Member,Male,Health and beauty,86.68,8,34.672,728.112,30-Mar-22,18:04,Knet
710-46-4433,Farwaniya,Member,Female,Food and beverages,77.4,9,34.83,731.43,30-Mar-22,14:15,Knet
189-52-0236,Hawally,Normal,Male,Electronic accessories,99.55,7,34.8425,731.6925,30-Mar-22,12:07,Knet
174-64-0215,Farwaniya,Normal,Male,Sports and travel,69.74,10,34.87,732.27,05-Mar-22,17:49,Knet
183-21-3799,Aljahra,Normal,Female,Electronic accessories,77.63,9,34.9335,733.6035,01-Mar-22,15:14,Credit card
627-95-3243,Farwaniya,Member,Female,Home and lifestyle,77.68,9,34.956,734.076,24-Mar-22,13:21,Credit card
148-41-7930,Aljahra,Normal,Male,Health and beauty,99.96,7,34.986,734.706,22-Mar-22,02:00,Knet
135-84-8019,Hawally,Normal,Female,Health and beauty,77.93,9,35.0685,736.4385,01-Mar-22,02:00,Knet
149-71-6266,Farwaniya,Member,Male,Sports and travel,78.07,9,35.1315,737.7615,28-Mar-22,12:43,Knet
189-98-2939,Aljahra,Normal,Male,Health and beauty,78.55,9,35.3475,742.2975,31-Mar-22,13:22,Knet
394-30-3170,Farwaniya,Member,Female,Sports and travel,88.43,8,35.372,742.812,24-Mar-22,19:35,Knet
155-45-3814,Aljahra,Member,Female,Electronic accessories,88.55,8,35.42,743.82,30-Mar-22,15:29,Credit card
537-72-0426,Aljahra,Member,Male,Health and beauty,70.99,10,35.495,745.395,27-Mar-22,16:28,Credit card
803-17-8013,Hawally,Member,Female,Home and lifestyle,88.79,8,35.516,745.836,01-Mar-22,17:09,Knet
725-96-3778,Aljahra,Member,Female,Home and lifestyle,89.25,8,35.7,749.7,31-Mar-22,04:00,Knet
635-40-6220,Hawally,Normal,Male,Health and beauty,89.6,8,35.84,752.64,31-Mar-22,11:28,Knet
448-61-3783,Hawally,Normal,Female,Electronic accessories,90.02,8,36.008,756.168,31-Mar-22,16:08,Knet
525-09-8450,Farwaniya,Normal,Male,Electronic accessories,72.13,10,36.065,757.365,27-Mar-22,15:12,Knet
817-48-8732,Hawally,Member,Female,Home and lifestyle,72.35,10,36.175,759.675,01-Mar-22,15:55,Credit card
729-06-2010,Aljahra,Member,Male,Health and beauty,80.47,9,36.2115,760.4415,29-Mar-22,11:18,Credit card
361-59-0574,Farwaniya,Member,Male,Sports and travel,90.53,8,36.212,760.452,31-Mar-22,14:48,Knet
257-73-1380,Aljahra,Member,Male,Sports and travel,82.93,9,16.586,762.956,05-Mar-22,16:51,Knet
237-01-6122,Aljahra,Member,Female,Home and lifestyle,80.79,9,36.3555,763.4655,01-Mar-22,20:31,Knet
742-04-5161,Hawally,Member,Male,Home and lifestyle,72.78,10,36.39,764.19,01-Mar-22,17:24,Knet
804-38-3935,Hawally,Member,Male,Electronic accessories,93.78,8,14.067,764.307,15-Mar-22,07:04,Knet
234-03-4040,Farwaniya,Member,Female,Food and beverages,73.05,10,36.525,767.025,01-Mar-22,12:25,Credit card
197-77-7132,Farwaniya,Member,Male,Electronic accessories,91.56,8,36.624,769.104,16-Mar-22,18:22,Credit card
884-80-6021,Hawally,Member,Female,Electronic accessories,73.47,10,36.735,771.435,04-Mar-22,06:00,Knet
416-17-9926,Hawally,Member,Female,Electronic accessories,74.22,10,37.11,779.31,01-Mar-22,14:42,Knet
243-55-8457,Hawally,Normal,Female,Food and beverages,74.44,10,37.22,781.62,01-Mar-22,11:40,Knet
453-33-6436,Hawally,Normal,Female,Home and lifestyle,93.12,8,37.248,782.208,24-Mar-22,10:09,Knet
571-94-0759,Farwaniya,Member,Female,Food and beverages,74.6,10,37.3,783.3,24-Mar-22,20:55,Knet
746-94-0204,Hawally,Normal,Male,Health and beauty,83.24,9,37.458,786.618,26-Mar-22,11:56,Credit card
376-02-8238,Farwaniya,Normal,Male,Home and lifestyle,93.87,8,37.548,788.508,05-Mar-22,18:42,Credit card
605-72-4132,Aljahra,Normal,Female,Food and beverages,94.47,8,37.788,793.548,26-Mar-22,15:12,Knet
305-14-0245,Farwaniya,Member,Female,Home and lifestyle,94.49,8,37.796,793.716,30-Mar-22,19:00,Knet
418-02-5978,Farwaniya,Normal,Female,Health and beauty,84.09,9,37.8405,794.6505,01-Mar-22,10:54,Knet
549-03-9315,Farwaniya,Normal,Male,Health and beauty,94.87,8,37.948,796.908,27-Mar-22,12:58,Knet
593-14-4239,Farwaniya,Normal,Female,Home and lifestyle,95.46,8,38.184,801.864,31-Mar-22,19:40,Knet
602-16-6955,Farwaniya,Normal,Female,Sports and travel,76.6,10,38.3,804.3,27-Mar-22,10:00,Credit card
189-40-5216,Aljahra,Normal,Male,Electronic accessories,96.37,8,33.7295,804.6895,23-Mar-22,03:00,Credit card
842-40-8179,Farwaniya,Member,Female,Food and beverages,77.2,10,38.6,810.6,26-Mar-22,10:38,Knet
373-09-4567,Aljahra,Normal,Male,Food and beverages,77.56,10,38.78,814.38,24-Mar-22,01:30,Knet
652-43-6591,Hawally,Normal,Female,Health and beauty,97.29,8,38.916,817.236,29-Mar-22,13:18,Knet
227-07-4446,Aljahra,Member,Female,Electronic accessories,78.13,10,39.065,820.365,30-Mar-22,20:51,Knet
232-11-3025,Hawally,Normal,Male,Sports and travel,78.77,10,39.385,827.085,30-Mar-22,10:04,Knet
228-96-1411,Aljahra,Member,Female,Food and beverages,98.7,8,39.48,829.08,01-Mar-22,20:39,Credit card
735-32-9839,Aljahra,Member,Male,Health and beauty,98.7,8,39.48,829.08,31-Mar-22,10:36,Credit card
286-43-6208,Aljahra,Normal,Female,Food and beverages,87.8,9,39.51,829.71,30-Mar-22,19:08,Knet
457-94-0464,Farwaniya,Member,Male,Electronic accessories,87.87,9,39.5415,830.3715,23-Mar-22,20:32,Knet
699-88-1972,Farwaniya,Normal,Female,Health and beauty,99.16,8,39.664,832.944,29-Mar-22,17:47,Knet
533-33-5337,Farwaniya,Normal,Male,Electronic accessories,79.39,10,39.695,833.595,31-Mar-22,20:24,Knet
431-66-2305,Farwaniya,Normal,Female,Electronic accessories,88.25,9,39.7125,833.9625,31-Mar-22,20:51,Knet
640-48-5028,Aljahra,Member,Female,Home and lifestyle,88.39,9,39.7755,835.2855,30-Mar-22,12:40,Credit card
638-60-7125,Hawally,Normal,Female,Electronic accessories,99.56,8,39.824,836.304,01-Mar-22,17:03,Credit card
138-17-5109,Hawally,Member,Female,Home and lifestyle,89.21,9,40.1445,843.0345,25-Mar-22,15:42,Knet
698-98-5964,Hawally,Normal,Female,Food and beverages,81.21,10,40.605,852.705,01-Mar-22,13:01,Knet
549-84-7482,Farwaniya,Normal,Female,Sports and travel,90.28,9,40.626,853.146,02-Mar-22,11:15,Knet
678-79-0726,Aljahra,Member,Female,Sports and travel,90.63,9,40.7835,856.4535,01-Mar-22,15:28,Knet
607-65-2441,Aljahra,Member,Male,Health and beauty,81.95,10,40.975,860.475,30-Mar-22,12:39,Knet
861-77-0145,Aljahra,Member,Male,Electronic accessories,81.97,10,40.985,860.685,30-Mar-22,14:30,Credit card
325-77-6186,Hawally,Member,Female,Home and lifestyle,90.65,9,45.325,861.175,20-Mar-22,10:53,Credit card
267-62-7380,Aljahra,Member,Female,Electronic accessories,82.34,10,41.17,864.57,27-Mar-22,07:00,Knet
628-90-8624,Farwaniya,Member,Male,Health and beauty,82.58,10,41.29,867.09,31-Mar-22,14:41,Knet
574-22-5561,Aljahra,Member,Female,Health and beauty,82.63,10,41.315,867.615,01-Mar-22,17:08,Knet
852-62-7105,Farwaniya,Normal,Female,Health and beauty,83.25,10,41.625,874.125,30-Mar-22,11:25,Knet
677-11-0152,Aljahra,Normal,Female,Food and beverages,93.26,9,41.967,881.307,06-Mar-22,18:08,Knet
805-86-0265,Hawally,Normal,Male,Home and lifestyle,93.96,9,42.282,887.922,20-Mar-22,11:32,Credit card
450-42-3339,Aljahra,Normal,Male,Health and beauty,84.61,10,42.305,888.405,04-Mar-22,18:58,Credit card
746-04-1077,Farwaniya,Member,Female,Food and beverages,84.63,10,42.315,888.615,30-Mar-22,11:36,Knet
743-04-1105,Farwaniya,Member,Male,Health and beauty,97.22,9,43.749,918.729,28-Mar-22,14:43,Knet
827-77-7633,Hawally,Normal,Male,Sports and travel,98.09,9,44.1405,926.9505,31-Mar-22,19:41,Knet
704-48-3927,Hawally,Member,Male,Electronic accessories,88.67,10,44.335,931.035,01-Mar-22,14:50,Knet
384-59-6655,Hawally,Member,Female,Food and beverages,98.66,9,44.397,932.337,19-Mar-22,15:07,Knet
277-35-5865,Aljahra,Member,Female,Food and beverages,98.97,9,44.5365,935.2665,29-Mar-22,11:23,Credit card
866-99-7614,Aljahra,Normal,Male,Food and beverages,89.2,10,44.6,936.6,31-Mar-22,15:42,Credit card
393-65-2792,Aljahra,Normal,Male,Food and beverages,89.48,10,44.74,939.54,01-Mar-22,12:46,Knet
817-69-8206,Farwaniya,Normal,Female,Electronic accessories,99.73,9,44.8785,942.4485,04-Mar-22,19:42,Knet
731-81-9469,Aljahra,Member,Female,Sports and travel,89.8,10,44.9,942.9,31-Mar-22,13:00,Knet
702-83-5291,Aljahra,Member,Male,Health and beauty,99.82,9,44.919,943.299,05-Mar-22,05:22,Knet
219-22-9386,Farwaniya,Member,Male,Sports and travel,99.96,9,44.982,944.622,31-Mar-22,17:26,Knet
280-17-4359,Aljahra,Member,Male,Health and beauty,90.5,10,45.25,950.25,15-Mar-22,13:48,Credit card
554-42-2417,Aljahra,Normal,Female,Sports and travel,95.44,10,47.72,1002.12,05-Mar-22,13:45,Credit card
234-65-2137,Aljahra,Normal,Male,Home and lifestyle,95.58,10,47.79,1003.59,05-Mar-22,13:32,Knet
744-16-7898,Farwaniya,Normal,Female,Home and lifestyle,97.37,10,48.685,1022.385,25-Mar-22,07:22,Knet
303-96-2227,Farwaniya,Normal,Female,Home and lifestyle,97.38,10,48.69,1022.49,15-Mar-22,15:00,Knet
751-41-9720,Aljahra,Normal,Male,Home and lifestyle,97.5,10,48.75,1023.75,25-Mar-22,16:18,Knet
283-26-5248,Aljahra,Member,Female,Food and beverages,98.52,10,49.26,1034.46,27-Mar-22,00:04,Knet
687-47-8271,Hawally,Normal,Male,Health and beauty,98.98,10,49.49,1039.29,06-Mar-22,16:20,Credit card
860-79-0874,Aljahra,Member,Female,Health and beauty,99.3,10,49.65,1042.65,31-Mar-22,14:53,Knet
